row,model,px,py,pz,ux,uy,uz,k,cost,nfev,status
0,biot,0.0004867856,0.0130516037,0.2183030620,0.0168019508,-0.4024928939,0.9152689030,0.9993346743,0.0000504903,5,1
1,biot,0.0321813936,0.0116603916,0.2195808985,0.0160914458,-0.4036903568,0.9147541534,0.9992867711,0.0000504114,5,1
2,biot,0.0640301904,0.0110962680,0.2198312582,0.0175421026,-0.4011917021,0.9158261258,0.9992902499,0.0000504642,5,1
3,biot,0.0959059019,0.0105062813,0.2189017755,0.0136857792,-0.4008910726,0.9160234972,0.9993495734,0.0000505115,5,1
4,biot,0.1271190614,0.0099939559,0.2171930035,0.0187665240,-0.4004426267,0.9161296416,0.9994527858,0.0000506225,5,1
5,biot,0.1639150868,0.0091127181,0.2192560509,0.0162893606,-0.4016233563,0.9156600550,0.9990261494,0.0000506207,6,1
6,biot,0.0010159118,0.0447831310,0.2186564097,0.0152165590,-0.4030859625,0.9150356076,0.9993323149,0.0000505357,5,1
7,biot,0.0327407695,0.0436052075,0.2200521650,0.0196387144,-0.4007830736,0.9159624713,0.9992825256,0.0000504173,5,1
8,biot,0.0645899216,0.0428772954,0.2203058557,0.0183234806,-0.4010067110,0.9158918429,0.9992858772,0.0000504187,5,1
9,biot,0.0964842362,0.0424136006,0.2194435716,0.0188081930,-0.3998702486,0.9163787624,0.9993472088,0.0000504745,5,1
10,biot,0.1276505968,0.0415658423,0.2177439227,0.0169622410,-0.4011770048,0.9158434873,0.9994551726,0.0000506244,5,1
11,biot,0.1643864568,0.0419430265,0.2201596528,0.0188744266,-0.3997437980,0.9164325682,0.9990545581,0.0000505181,6,1
12,biot,0.0018091566,0.0767348925,0.2182672689,0.0137635435,-0.4024312422,0.9153467431,0.9993862201,0.0000505180,5,1
13,biot,0.0334686658,0.0756310139,0.2194820880,0.0146571114,-0.4043691637,0.9144784024,0.9993386205,0.0000504945,5,1
14,biot,0.0650313892,0.0751591261,0.2196100679,0.0173471988,-0.4032748059,0.9149144800,0.9993433092,0.0000504854,5,1
15,biot,0.0968049137,0.0742133056,0.2188620864,0.0153715227,-0.4003936115,0.9162143156,0.9994007799,0.0000505509,5,1
16,biot,0.1280102859,0.0731401870,0.2171403130,0.0200977736,-0.4020587026,0.9153932921,0.9995017402,0.0000506407,5,1
17,biot,0.1644936740,0.0749535147,0.2193127757,0.0196808387,-0.4003630121,0.9161452522,0.9991358145,0.0000506358,6,1
18,biot,0.0004856383,0.1121704697,0.2231032462,0.0160797077,-0.4032375351,0.9149540607,0.9988777594,0.0000504656,6,1
19,biot,0.0341169101,0.1068895089,0.2182121877,0.0176594213,-0.4034226588,0.9148433217,0.9994447045,0.0000505895,5,1
20,biot,0.0656274866,0.1063693806,0.2182798486,0.0180102315,-0.4031646349,0.9149502220,0.9994498044,0.0000506102,5,1
21,biot,0.0971666695,0.1056239518,0.2174323983,0.0187366684,-0.3985805165,0.9169419333,0.9994997093,0.0000507062,5,1
22,biot,0.1327487344,0.1087410762,0.2206763673,0.0160555554,-0.4001249249,0.9163199570,0.9990857625,0.0000506520,6,1
23,biot,0.1643342392,0.1071338604,0.2173346481,0.0196381678,-0.3994004363,0.9165662190,0.9992641702,0.0000507517,6,1
24,biot,0.0018932102,0.1443414197,0.2199802933,0.0171046362,-0.4024568840,0.9152791312,0.9990654050,0.0000506247,6,1
25,biot,0.0345111951,0.1437846801,0.2209799593,0.0189670169,-0.4055281521,0.9138857533,0.9990468239,0.0000505984,6,1
26,biot,0.0674259030,0.1433119962,0.2208820737,0.0157887033,-0.4008165900,0.9160222585,0.9990712738,0.0000505827,6,1
27,biot,0.1001723903,0.1421015965,0.2199104303,0.0146282419,-0.4023731098,0.9153588886,0.9991493034,0.0000506091,6,1
28,biot,0.1323215893,0.1406414327,0.2177357030,0.0178779641,-0.3987095374,0.9169029846,0.9992732673,0.0000506772,6,1
29,biot,0.1636047840,0.1386404036,0.2148663740,0.0181531216,-0.3942888969,0.9188072322,0.9994342049,0.0000508890,6,1
30,biot,0.0034217962,0.1753303280,0.2164906397,0.0113517464,-0.4051097869,0.9141975708,0.9992891824,0.0000508310,6,1
31,biot,0.0355278052,0.1745617713,0.2172998056,0.0151063222,-0.4036128871,0.9148051358,0.9992750965,0.0000507427,6,1
32,biot,0.0678227461,0.1737991150,0.2171204071,0.0183727946,-0.3995570918,0.9165241791,0.9993007173,0.0000507240,6,1
33,biot,0.0997080997,0.1727611496,0.2162599782,0.0186983214,-0.3989610060,0.9167772294,0.9993750245,0.0000508288,6,1
34,biot,0.1315522659,0.1711379343,0.2143259656,0.0192413502,-0.3988955112,0.9167944926,0.9994865912,0.0000508455,6,1
35,biot,0.1625396424,0.1691301459,0.2121313722,0.0175661129,-0.3975835691,0.9173978075,0.9996323172,0.0000508918,6,1
36,biot,-0.0007665845,0.0127287464,0.1893625918,0.0175590815,-0.4070612459,0.9132320739,0.9992925259,0.0000501169,5,1
37,biot,0.0314942503,0.0111529302,0.1904008687,0.0183823256,-0.4008029347,0.9159798566,0.9992857761,0.0000499792,5,1
38,biot,0.0636854461,0.0106853782,0.1902724754,0.0200527406,-0.3966037198,0.9177708739,0.9992965851,0.0000499644,5,1
39,biot,0.0959928516,0.0100741291,0.1894353666,0.0175365980,-0.4010843769,0.9158732392,0.9993293240,0.0000500779,5,1
40,biot,0.1282169642,0.0095986110,0.1881113788,0.0169312190,-0.4011276157,0.9158656942,0.9993848261,0.0000502498,5,1
41,biot,0.1598236177,0.0094543501,0.1858650030,0.0172398858,-0.3998482502,0.9164192071,0.9994629151,0.0000506193,5,1
42,biot,-0.0001296141,0.0447412625,0.1897150701,0.0194155705,-0.4015951660,0.9156114669,0.9993056060,0.0000501146,5,1
43,biot,0.0320337037,0.0435414993,0.1907165019,0.0190655213,-0.4016022818,0.9156157017,0.9992956485,0.0000500445,5,1
44,biot,0.0642949799,0.0431397084,0.1909463514,0.0175304837,-0.4025547638,0.9152280286,0.9993061618,0.0000500277,5,1
45,biot,0.0965782485,0.0424236224,0.1902559441,0.0152057552,-0.4003160092,0.9162509906,0.9993398951,0.0000501692,5,1
46,biot,0.1287418670,0.0420166681,0.1885556271,0.0158821731,-0.4025222818,0.9152724016,0.9993989566,0.0000503696,5,1
47,biot,0.1603119463,0.0413302746,0.1864142369,0.0200287375,-0.4008423240,0.9159280981,0.9994809080,0.0000506217,5,1
48,biot,0.0005087466,0.0773500158,0.1892131946,0.0159243088,-0.4028056235,0.9151470079,0.9993389631,0.0000502757,5,1
49,biot,0.0328012414,0.0759404982,0.1903082821,0.0188061193,-0.4005275137,0.9160917206,0.9993277774,0.0000501978,5,1
50,biot,0.0649355693,0.0754785097,0.1905445588,0.0169302093,-0.4017847728,0.9155776124,0.9993393024,0.0000502006,5,1
51,biot,0.0970913355,0.0747530172,0.1899807668,0.0159839908,-0.4031136634,0.9150103204,0.9993748293,0.0000502557,5,1
52,biot,0.1291246510,0.0740156282,0.1883100944,0.0194299441,-0.4022829522,0.9153091847,0.9994348400,0.0000503988,5,1
53,biot,0.1606788575,0.0732965798,0.1859415642,0.0179589528,-0.3964461767,0.9178822937,0.9995233032,0.0000505910,5,1
54,biot,0.0014394563,0.1092469274,0.1883394292,0.0157770246,-0.4074141019,0.9131072418,0.9993976059,0.0000504547,5,1
55,biot,0.0334865943,0.1082507955,0.1892802496,0.0126135981,-0.4002707883,0.9163100966,0.9993870817,0.0000503859,5,1
56,biot,0.0655441439,0.1076027627,0.1894347906,0.0154242876,-0.4009828152,0.9159557158,0.9993995974,0.0000503244,5,1
57,biot,0.0974956772,0.1068465540,0.1890227101,0.0186077401,-0.3983691606,0.9170364027,0.9994347758,0.0000503511,5,1
58,biot,0.1293664514,0.1059319561,0.1873798524,0.0157064643,-0.4006297806,0.9161053901,0.9995001213,0.0000505407,5,1
59,biot,0.1601424558,0.1045835634,0.1847071935,0.0190330700,-0.3984890502,0.9169755826,0.9996301880,0.0000507978,5,1
60,biot,0.0024478051,0.1407970413,0.1865886666,0.0152269636,-0.4034123528,0.9148915855,0.9995002954,0.0000506490,5,1
61,biot,0.0341983332,0.1400328326,0.1874811366,0.0189837553,-0.4044874560,0.9143464961,0.9994774110,0.0000506030,5,1
62,biot,0.0660250478,0.1391248958,0.1877698705,0.0188398413,-0.3971673576,0.9175528053,0.9994887878,0.0000506017,5,1
63,biot,0.0977935173,0.1383604979,0.1870975540,0.0156084247,-0.3993283322,0.9166751116,0.9995285916,0.0000506390,5,1
64,biot,0.1290660702,0.1367666754,0.1853817820,0.0203999627,-0.3988669528,0.9167818691,0.9996263562,0.0000507935,5,1
65,biot,0.1650132089,0.1400809930,0.1835226530,0.0188969392,-0.3952770706,0.9183675425,0.9995157669,0.0000507028,6,1
66,biot,0.0028486762,0.1782225503,0.1844202449,-0.0004984424,-0.4178522679,0.9085148506,0.9993745051,0.0000506022,6,1
67,biot,0.0352469538,0.1695212251,0.1845919720,0.0179566247,-0.4059937391,0.9136994273,0.9996647293,0.0000508158,5,1
68,biot,0.0662886461,0.1689263686,0.1848776258,0.0198827904,-0.3973607601,0.9174470562,0.9996687211,0.0000508331,5,1
69,biot,0.1003034379,0.1751240517,0.1849917987,0.0153468476,-0.3957740767,0.9182196657,0.9994446999,0.0000506868,6,1
70,biot,0.1322163145,0.1729330704,0.1827344360,0.0155987182,-0.3946332107,0.9187063236,0.9995893316,0.0000508168,6,1
71,biot,0.1630011889,0.1701004437,0.1800095102,0.0196843614,-0.3983420390,0.9170257062,0.9997694419,0.0000508782,6,1
72,biot,-0.0019833825,0.0119556107,0.1597199549,0.0138547408,-0.3999036900,0.9164524455,0.9993165955,0.0000496164,5,1
73,biot,0.0306273427,0.0108093075,0.1607927544,0.0173661897,-0.3993445595,0.9166364264,0.9992943041,0.0000493754,5,1
74,biot,0.0634861125,0.0098881164,0.1611710344,0.0160351630,-0.4010094639,0.9159335584,0.9993012042,0.0000492848,5,1
75,biot,0.0961456074,0.0095838980,0.1603907645,0.0194089825,-0.3985083574,0.9169593124,0.9993432240,0.0000494840,5,1
76,biot,0.1286623367,0.0092060431,0.1584505606,0.0197648713,-0.4016564988,0.9155770895,0.9994213297,0.0000498307,5,1
77,biot,0.1604106849,0.0093612172,0.1553046074,0.0184254781,-0.4010655047,0.9158640525,0.9995309492,0.0000502381,5,1
78,biot,-0.0013598343,0.0448957289,0.1602844617,0.0138238853,-0.4062414460,0.9136611997,0.9993228813,0.0000494840,5,1
79,biot,0.0312799309,0.0439776827,0.1611976664,0.0188192418,-0.4033522602,0.9148512395,0.9992948952,0.0000492353,5,1
80,biot,0.0640456162,0.0434356917,0.1616133102,0.0163567377,-0.4034900804,0.9148378065,0.9993000655,0.0000491922,5,1
81,biot,0.0967981884,0.0427528415,0.1609458361,0.0208849135,-0.3995607549,0.9164687794,0.9993443362,0.0000493725,5,1
82,biot,0.1293372987,0.0421442884,0.1585709996,0.0179924623,-0.4009431664,0.9159262244,0.9994299979,0.0000497421,5,1
83,biot,0.1609283886,0.0414704405,0.1556064269,0.0199505656,-0.3996070841,0.9164693957,0.9995469717,0.0000502082,5,1
84,biot,-0.0007332003,0.0776346922,0.1597270705,0.0176378239,-0.4060662771,0.9136734021,0.9993616589,0.0000496550,5,1
85,biot,0.0318642501,0.0769434570,0.1608260746,0.0172622248,-0.4050195620,0.9141450487,0.9993335559,0.0000494681,5,1
86,biot,0.0646749567,0.0763310821,0.1608020866,0.0190678601,-0.4003430220,0.9161669507,0.9993380219,0.0000494168,5,1
87,biot,0.0974093747,0.0755724082,0.1600747197,0.0163432664,-0.3983076949,0.9171062522,0.9993848383,0.0000496066,5,1
88,biot,0.1296094111,0.0744374489,0.1584813631,0.0196264893,-0.4000348998,0.9162897358,0.9994710455,0.0000499317,5,1
89,biot,0.1612565529,0.0736309399,0.1552168349,0.0174429169,-0.3994112352,0.9166059185,0.9995952112,0.0000503048,5,1
90,biot,0.0004766187,0.1106264626,0.1580344957,0.0041028794,-0.4123869354,0.9109995510,0.9994393533,0.0000499247,5,1
91,biot,0.0326343615,0.1090682965,0.1595642291,0.0176153316,-0.4005511744,0.9161050468,0.9994124159,0.0000497716,5,1
92,biot,0.0651440507,0.1086495645,0.1595434583,0.0156317971,-0.4015870239,0.9156874517,0.9994228134,0.0000496995,5,1
93,biot,0.0976911014,0.1079616500,0.1584037210,0.0143904809,-0.4008933993,0.9160116792,0.9994702882,0.0000498293,5,1
94,biot,0.1297020060,0.1068067483,0.1567997291,0.0182048404,-0.4021647534,0.9153863091,0.9995544765,0.0000501630,5,1
95,biot,0.1610902063,0.1052942011,0.1543042207,0.0222747069,-0.4041110654,0.9144386717,0.9996738270,0.0000504864,5,1
96,biot,0.0018062718,0.1423068332,0.1557491501,0.0049473733,-0.4134535635,0.9105117650,0.9995552904,0.0000502319,5,1
97,biot,0.0337418250,0.1411394477,0.1568942480,0.0135249788,-0.4046971382,0.9143507540,0.9995364531,0.0000501287,5,1
98,biot,0.0656471629,0.1410328067,0.1563687584,0.0056176356,-0.4118399699,0.9112388718,0.9995588701,0.0000500373,5,1
99,biot,0.0976715149,0.1395030711,0.1561148769,0.0176426270,-0.3978832954,0.9172663849,0.9995928097,0.0000502398,5,1
100,biot,0.1296017084,0.1382834565,0.1542831226,0.0179512654,-0.3983635720,0.9170519160,0.9996748379,0.0000504731,5,1
101,biot,0.1606853707,0.1364879768,0.1520649656,0.0157016464,-0.4018084308,0.9155891236,0.9997944054,0.0000507271,5,1
102,biot,0.0033449393,0.1730767489,0.1524389976,0.0042234688,-0.4140740886,0.9102333830,0.9997096564,0.0000505686,5,1
103,biot,0.0347293960,0.1725077054,0.1528902421,0.0028755893,-0.4127023108,0.9108614240,0.9997066870,0.0000504949,5,1
104,biot,0.0662910759,0.1715619186,0.1528795816,0.0001903973,-0.4136463650,0.9104376137,0.9997277646,0.0000504535,5,1
105,biot,0.0978207272,0.1698905106,0.1528141531,0.0165814076,-0.4033336532,0.9149027386,0.9997585153,0.0000506282,5,1
106,biot,0.1291132967,0.1685282210,0.1512403996,0.0167868043,-0.3966392905,0.9178210482,0.9998311118,0.0000507466,5,1
107,biot,0.1592491750,0.1660158379,0.1494682435,0.0204075854,-0.3970478143,0.9175710129,0.9999465609,0.0000509720,5,1
108,biot,-0.0038494250,0.0112914365,0.1301647012,0.0182421811,-0.4032344556,0.9149148576,0.9993124841,0.0000484393,5,1
109,biot,0.0294497310,0.0100227141,0.1319009249,0.0157071454,-0.4026534616,0.9152177202,0.9992512752,0.0000479227,5,1
110,biot,0.0632841479,0.0091140338,0.1321328829,0.0216703171,-0.4015800191,0.9155675211,0.9992471003,0.0000477952,5,1
111,biot,0.0971934832,0.0087123693,0.1309601928,0.0194918077,-0.4024836997,0.9152196135,0.9993158628,0.0000480947,5,1
112,biot,0.1301374187,0.0086618005,0.1280781085,0.0148840096,-0.4011903643,0.9158737674,0.9994488777,0.0000488377,5,1
113,biot,0.1617632155,0.0090174825,0.1234903532,0.0165460664,-0.4007354888,0.9160443743,0.9996193446,0.0000497161,5,1
114,biot,-0.0034532969,0.0459739243,0.1304498497,0.0069685936,-0.4119898603,0.9111617824,0.9993011430,0.0000484340,5,1
115,biot,0.0302436272,0.0449662941,0.1322964239,0.0054962550,-0.4125423585,0.9109218373,0.9992254355,0.0000478856,5,1
116,biot,0.0639821847,0.0441480003,0.1328714484,0.0128561961,-0.4041476701,0.9146033998,0.9992180664,0.0000477426,5,1
117,biot,0.0978926043,0.0431292327,0.1315737361,0.0145629693,-0.4038144159,0.9147250064,0.9992951164,0.0000480937,5,1
118,biot,0.1310444311,0.0423038913,0.1283659983,0.0169748065,-0.3984401270,0.9170372518,0.9994456006,0.0000488306,5,1
119,biot,0.1623066251,0.0415330954,0.1240155352,0.0209485490,-0.4037095866,0.9146473244,0.9996316654,0.0000496477,5,1
120,biot,-0.0024212465,0.0793739397,0.1298751675,0.0033345845,-0.4171850957,0.9088154248,0.9993541440,0.0000487504,5,1
121,biot,0.0310720125,0.0790739103,0.1310705609,0.0045620985,-0.4144927443,0.9100411816,0.9992818008,0.0000482675,5,1
122,biot,0.0645427793,0.0777934925,0.1317165079,0.0166848307,-0.4020431495,0.9154686900,0.9992731869,0.0000482181,5,1
123,biot,0.0981580672,0.0767429504,0.1303701710,0.0144445674,-0.4028131013,0.9151682686,0.9993496985,0.0000484401,5,1
124,biot,0.1312286648,0.0753121603,0.1273709229,0.0168786364,-0.4006815656,0.9160618945,0.9995012760,0.0000489811,5,1
125,biot,0.1626324233,0.0738373909,0.1229328391,0.0196921105,-0.4034123240,0.9148063826,0.9996909806,0.0000496598,5,1
126,biot,-0.0009230444,0.1120317180,0.1277849933,0.0031978363,-0.4115524420,0.9113804701,0.9994674698,0.0000491539,5,1
127,biot,0.0321434453,0.1116925423,0.1286687138,0.0022721783,-0.4178289388,0.9085228754,0.9994212320,0.0000487442,5,1
128,biot,0.0648874307,0.1113227970,0.1286406435,0.0037339501,-0.4137601982,0.9103782489,0.9994252587,0.0000486641,5,1
129,biot,0.0978283393,0.1103079443,0.1276503704,0.0044426829,-0.4147957229,0.9099037152,0.9994949017,0.0000487952,5,1
130,biot,0.1307834149,0.1075482655,0.1257772342,0.0189745903,-0.4005921283,0.9160599935,0.9996157332,0.0000494359,5,1
131,biot,0.1619747409,0.1056302214,0.1216434323,0.0187298307,-0.3986301960,0.9169204765,0.9997865003,0.0000500023,5,1
132,biot,0.0010980937,0.1436292963,0.1244476937,0.0032982583,-0.4128495769,0.9107932522,0.9996353997,0.0000497841,5,1
133,biot,0.0332186503,0.1434839397,0.1249963250,0.0070738341,-0.4094746924,0.9122940519,0.9996134209,0.0000495634,5,1
134,biot,0.0654119253,0.1427532870,0.1245964735,0.0013754959,-0.4131639392,0.9106556250,0.9996307323,0.0000494336,5,1
135,biot,0.0975600899,0.1408598837,0.1249681346,0.0190182201,-0.3969165437,0.9176576511,0.9996676988,0.0000496980,5,1
136,biot,0.1297981488,0.1390875130,0.1229456983,0.0193537357,-0.3991503194,0.9166812180,0.9997699433,0.0000500022,5,1
137,biot,0.1607534652,0.1365834448,0.1197552028,0.0179797548,-0.4025016530,0.9152426715,0.9999165318,0.0000503830,5,1
138,biot,0.0031380301,0.1735664085,0.1204860760,0.0016192854,-0.4141796519,0.9101937123,0.9998364146,0.0000502872,5,1
139,biot,0.0344902429,0.1730553805,0.1205451548,0.0023267260,-0.4128271747,0.9108064065,0.9998331267,0.0000501495,5,1
140,biot,0.0657871719,0.1724563838,0.1200953069,0.0044416932,-0.4157988054,0.9094457789,0.9998600311,0.0000500728,5,1
141,biot,0.0969843650,0.1711714362,0.1196488711,0.0032165525,-0.4186457989,0.9081439032,0.9999091081,0.0000501286,5,1
142,biot,0.1282993591,0.1693277218,0.1182495260,0.0042454902,-0.4197997373,0.9076068292,0.9999903422,0.0000502815,5,1
143,biot,0.1585779206,0.1667778257,0.1162123078,0.0027500467,-0.4163861194,0.9091837200,1.0001073748,0.0000505705,5,1
144,biot,-0.0072558835,0.0103915136,0.0992179230,0.0066084666,-0.4146849789,0.9099410401,0.9992122711,0.0000465792,5,1
145,biot,0.0276099087,0.0081929029,0.1022555718,0.0072058303,-0.4161451757,0.9092696348,0.9989763838,0.0000456783,5,1
146,biot,0.0635907834,0.0077418114,0.1030707760,0.0175156066,-0.4067829042,0.9133569250,0.9989145625,0.0000454912,5,1
147,biot,0.0991728431,0.0079067010,0.1006457784,0.0143837809,-0.4043691279,0.9144827583,0.9990991693,0.0000460777,5,1
148,biot,0.1328776116,0.0085324321,0.0955307541,0.0177106484,-0.4020189414,0.9154600503,0.9994350934,0.0000471623,5,1
149,biot,0.1632967082,0.0092289846,0.0893380518,0.0219908810,-0.3981524223,0.9170556416,0.9997572026,0.0000485811,5,1
150,biot,-0.0070539243,0.0467581435,0.1001089820,0.0048996053,-0.4131395221,0.9106545608,0.9991481997,0.0000465038,5,1
151,biot,0.0286829531,0.0469972790,0.1031525812,0.0064707379,-0.4159131225,0.9093813304,0.9987842995,0.0000458990,5,1
152,biot,0.0645660149,0.0472625829,0.1028126956,0.0051014926,-0.4140004160,0.9102623964,0.9986569215,0.0000459703,5,1
153,biot,0.0996910829,0.0456507143,0.1003965689,0.0031151629,-0.4158542975,0.9094259173,0.9989036856,0.0000463860,5,1
154,biot,0.1335441303,0.0433516200,0.0958201188,0.0157152381,-0.3984823034,0.9170413759,0.9993816958,0.0000472263,5,1
155,biot,0.1640170403,0.0421101458,0.0896837004,0.0209815406,-0.4018399060,0.9154695325,0.9997656892,0.0000484300,5,1
156,biot,-0.0046204860,0.0815531680,0.0983190953,0.0095323175,-0.4141168710,0.9101738032,0.9992149543,0.0000472341,5,1
157,biot,0.0308098393,0.0820350050,0.0998119229,0.0242968841,-0.4143108817,0.9098110544,0.9988732686,0.0000467348,5,1
158,biot,0.0646850306,0.0816747011,0.0992734468,0.0045301217,-0.4137489024,0.9103797690,0.9987398680,0.0000469085,5,1
159,biot,0.0989686717,0.0793696697,0.0984555637,0.0158980571,-0.4048943720,0.9142252454,0.9989909179,0.0000471677,5,1
160,biot,0.1332926965,0.0764103022,0.0946064282,0.0184066186,-0.4007051829,0.9160221355,0.9994650836,0.0000475801,5,1
161,biot,0.1637824082,0.0740813493,0.0889055436,0.0184155319,-0.3978854368,0.9172502643,0.9998336043,0.0000484898,5,1
162,biot,-0.0023570845,0.1141821151,0.0958363849,0.0266518112,-0.4143997333,0.9097046455,0.9994521354,0.0000480140,5,1
163,biot,0.0316972639,0.1146145418,0.0962750291,0.0043594056,-0.4135744616,0.9104598620,0.9992697297,0.0000476429,5,1
164,biot,0.0645141038,0.1137460901,0.0958753933,0.0051665173,-0.4133158957,0.9105730489,0.9992159148,0.0000475524,5,1
165,biot,0.0979722828,0.1120759871,0.0957805475,0.0017357764,-0.4139390197,0.9103029578,0.9993758467,0.0000474994,5,1
166,biot,0.1322919058,0.1083486515,0.0931781211,0.0154138523,-0.4040367125,0.9146128952,0.9996768630,0.0000481838,5,1
167,biot,0.1629202257,0.1050454310,0.0882251359,0.0184297682,-0.4002653498,0.9162139452,0.9999458453,0.0000491421,5,1
168,biot,0.0006484511,0.1454163142,0.0919116264,0.0039179124,-0.4121922802,0.9110884557,0.9997366707,0.0000489474,5,1
169,biot,0.0332657479,0.1453879620,0.0912973345,0.0004481578,-0.4138674464,0.9103370453,0.9996994492,0.0000483392,5,1
170,biot,0.0647283499,0.1446998032,0.0912351002,0.0034453648,-0.4118339490,0.9112523953,0.9997188245,0.0000482454,5,1
171,biot,0.0966992951,0.1436128880,0.0911637953,0.0061667121,-0.4142655169,0.9101351840,0.9998023785,0.0000483882,5,1
172,biot,0.1297914823,0.1408911474,0.0894571011,0.0061846301,-0.4133848583,0.9105353971,0.9999344339,0.0000489326,5,1
173,biot,0.1609857685,0.1366102439,0.0863915542,0.0095069961,-0.4132370244,0.9105738733,1.0000976202,0.0000497079,5,1
174,biot,0.0036042540,0.1736451337,0.0872483542,-0.0010844997,-0.4132547408,0.9106148160,0.9999998192,0.0000497778,5,1
175,biot,0.0347946755,0.1729364134,0.0862109575,-0.0014114953,-0.4181483804,0.9083776415,1.0000107048,0.0000493230,5,1
176,biot,0.0652247227,0.1723482755,0.0863083011,0.0011067784,-0.4123775641,0.9110123598,1.0000290663,0.0000492999,5,1
177,biot,0.0959239923,0.1714180360,0.0860797426,0.0038767328,-0.4142398822,0.9101594865,1.0000807943,0.0000494249,5,1
178,biot,0.1269773685,0.1693818920,0.0855307973,0.0007745377,-0.4168077342,0.9089943414,1.0001612177,0.0000498956,5,1
179,biot,0.1576427371,0.1658618407,0.0841064645,0.0012605168,-0.4178250948,0.9085266101,1.0002640904,0.0000504202,5,1
180,biot,-0.0057198400,0.0131382366,0.0611765997,0.0184226583,-0.4178281197,0.9083392912,0.9922413053,0.0000469573,6,1
181,biot,0.0295915573,0.0128633509,0.0617553555,0.0039207181,-0.4172651898,0.9087763143,0.9896663878,0.0000471195,6,1
182,biot,0.0617055826,0.0129479446,0.0618557025,0.0099282372,-0.4132519102,0.9105626222,0.9892986415,0.0000469344,6,1
183,biot,0.0942008313,0.0126624253,0.0615281121,0.0100344130,-0.4107503401,0.9116926393,0.9907406917,0.0000475044,6,1
184,biot,0.1269624096,0.0119786815,0.0601500756,0.0213512013,-0.3945122642,0.9186425853,0.9946503394,0.0000485495,6,1
185,biot,0.1604916833,0.0125885147,0.0546296566,0.0221972749,-0.3917030229,0.9198239086,1.0000935782,0.0000483592,9,1
186,biot,-0.0046916406,0.0470687336,0.0612549278,0.0139282693,-0.4270217379,0.9041340822,0.9920915312,0.0000471469,6,1
187,biot,0.0316904557,0.0468146840,0.0610875705,0.0263629113,-0.4247911831,0.9049074249,0.9890177391,0.0000471826,6,1
188,biot,0.0628719068,0.0470653734,0.0600867370,0.0241286007,-0.4163156326,0.9088999421,0.9882187389,0.0000467470,6,1
189,biot,0.0933682022,0.0454067311,0.0597319241,0.0164468566,-0.4005893572,0.9161100741,0.9897555181,0.0000476162,6,1
190,biot,0.1261422368,0.0434640240,0.0597223108,0.0150676212,-0.3944421562,0.9187972313,0.9939713506,0.0000486365,6,1
191,biot,0.1603124472,0.0429887679,0.0550187498,0.0057208613,-0.4101344359,0.9120071361,1.0005112059,0.0000479591,7,1
192,biot,-0.0034415123,0.0782925925,0.0614700415,0.0093662970,-0.4304288378,0.9025759182,0.9940406176,0.0000478397,6,1
193,biot,0.0326628359,0.0775312864,0.0604391241,0.0205987680,-0.4065458546,0.9133981382,0.9906394715,0.0000479489,6,1
194,biot,0.0620948512,0.0757695820,0.0588336081,-0.0025814865,-0.4152943050,0.9096834483,0.9898229111,0.0000478188,6,1
195,biot,0.0919306599,0.0744755600,0.0593593435,0.0017848671,-0.4063720269,0.9137059648,0.9917821148,0.0000485354,6,1
196,biot,0.1259292057,0.0736869118,0.0595896030,0.0050996698,-0.4076512929,0.9131234401,0.9957126699,0.0000486261,6,1
197,biot,0.1600213453,0.0736598351,0.0546933441,0.0058350303,-0.4088081452,0.9126016945,1.0015993260,0.0000479745,7,1
198,biot,-0.0012869012,0.1106705197,0.0614774953,-0.0046930295,-0.4175993155,0.9086191651,0.9963662672,0.0000488049,6,1
199,biot,0.0320072257,0.1081209908,0.0603465928,-0.0011227727,-0.4151482031,0.9097531032,0.9940709967,0.0000485322,6,1
200,biot,0.0617608572,0.1062101550,0.0594292864,-0.0018572012,-0.4141622377,0.9102011820,0.9936814498,0.0000485406,6,1
201,biot,0.0923643055,0.1050634683,0.0603284930,-0.0051850928,-0.4054825323,0.9140880870,0.9958510309,0.0000485161,6,1
202,biot,0.1262308360,0.1043369385,0.0591403166,0.0020111512,-0.4102878607,0.9119538511,0.9996182714,0.0000479451,6,1
203,biot,0.1600430060,0.1033978240,0.0556337655,0.0033627150,-0.3738296819,0.9274912728,1.0160243413,0.0000488769,15,1
204,biot,0.0033034601,0.1434873622,0.0596934964,-0.0030484138,-0.4181393512,0.9083777794,0.9995076752,0.0000492003,6,1
205,biot,0.0333836292,0.1416721045,0.0583160088,0.0008322910,-0.4125867943,0.9109179131,0.9995114204,0.0000484308,12,1
206,biot,0.0627865699,0.1400845225,0.0578893509,0.0005519514,-0.4132577352,0.9106139355,0.9995925080,0.0000482827,11,1
207,biot,0.0935461314,0.1382918946,0.0585822083,-0.0009142753,-0.4129507970,0.9107528772,1.0000552397,0.0000485974,6,1
208,biot,0.1255757514,0.1362386957,0.0578840201,0.0028001300,-0.4130190712,0.9107180717,1.0003949872,0.0000489984,6,1
209,biot,0.1587522457,0.1336839336,0.0556922688,0.0030057962,-0.4121084589,0.9111298389,1.0038472265,0.0000501541,6,1
210,biot,0.0093847835,0.1728718269,0.0524965473,-0.0297573492,-0.4307366069,0.9019869598,1.0136441568,0.0000486497,15,1
211,biot,0.0367439833,0.1712107343,0.0513599028,-0.0332216523,-0.4201132921,0.9068633544,1.0181125012,0.0000480787,15,1
212,biot,0.0642837686,0.1703587088,0.0519010703,-0.0491534868,-0.4033608151,0.9137198628,1.0495552205,0.0000480891,15,1
213,biot,0.0933352722,0.1697993266,0.0528866620,-0.0458608376,-0.3839081805,0.9222316913,1.0655383737,0.0000486983,15,1
214,biot,0.1239525466,0.1684449579,0.0525941950,0.0022224606,-0.4076792448,0.9131224967,1.0048667072,0.0000498433,6,1
215,biot,0.1556665729,0.1661106698,0.0539499212,-0.0018501634,-0.4099572989,0.9121028396,1.0057418704,0.0000509748,6,1
216,biot,-0.0017022459,0.0076552342,0.2292910299,0.0231526293,0.1099153136,0.9936712633,0.9987088300,0.0000503536,6,1
217,biot,0.0323202324,0.0095650632,0.2233637919,0.0259609000,0.1108980740,0.9934926516,0.9993606065,0.0000505157,5,1
218,biot,0.0638391651,0.0092544661,0.2233394954,0.0267005094,0.1091412575,0.9936675846,0.9993607091,0.0000504927,5,1
219,biot,0.0954702801,0.0089312184,0.2226753960,0.0276006432,0.1112763002,0.9934061554,0.9994136085,0.0000505616,5,1
220,biot,0.1312038879,0.0056931385,0.2269411794,0.0258771164,0.1145196651,0.9930838943,0.9989001236,0.0000504865,6,1
221,biot,0.1626455059,0.0068380622,0.2234590407,0.0295645298,0.1140759355,0.9930320335,0.9990634004,0.0000506634,6,1
222,biot,0.0010364545,0.0422833431,0.2237164991,0.0256035579,0.1113101938,0.9934558363,0.9993446367,0.0000504643,5,1
223,biot,0.0326730776,0.0411775457,0.2249874502,0.0255487975,0.1096782509,0.9936387373,0.9992954576,0.0000505177,5,1
224,biot,0.0645742773,0.0406110477,0.2248559374,0.0273499412,0.1119215565,0.9933405991,0.9992969281,0.0000504397,5,1
225,biot,0.0963112884,0.0405035931,0.2240060961,0.0276733093,0.1128939977,0.9932215932,0.9993540413,0.0000504814,5,1
226,biot,0.1271011265,0.0406161093,0.2223946668,0.0265931321,0.1121615080,0.9933340835,0.9994546311,0.0000505884,5,1
227,biot,0.1637522848,0.0392673781,0.2249800882,0.0288837286,0.1116655860,0.9933259924,0.9990189142,0.0000505557,6,1
228,biot,0.0015637794,0.0738708376,0.2242969466,0.0243051002,0.1103345613,0.9935972759,0.9993334680,0.0000504249,5,1
229,biot,0.0332099723,0.0730828562,0.2252924925,0.0261339207,0.1092794029,0.9936674646,0.9992838565,0.0000503327,5,1
230,biot,0.0651115326,0.0725788121,0.2254121539,0.0267254007,0.1094243267,0.9936357832,0.9992872404,0.0000503256,5,1
231,biot,0.0967484971,0.0723760888,0.2245478044,0.0273995322,0.1118583520,0.9933463518,0.9993448845,0.0000504577,5,1
232,biot,0.1276438949,0.0721409882,0.2226719045,0.0283471278,0.1124124773,0.9932572050,0.9994466100,0.0000505051,5,1
233,biot,0.1647990554,0.0718743054,0.2252733369,0.0321700348,0.1097818132,0.9934349714,0.9990176983,0.0000505010,6,1
234,biot,0.0022505824,0.1056921869,0.2238671948,0.0261967622,0.1106640219,0.9935125585,0.9993709814,0.0000504751,5,1
235,biot,0.0338900403,0.1048010289,0.2248530738,0.0274319751,0.1086249316,0.9937042372,0.9993252730,0.0000504204,5,1
236,biot,0.0657054088,0.1042752915,0.2248579613,0.0247695402,0.1130498446,0.9932805256,0.9993294435,0.0000503944,5,1
237,biot,0.0970583556,0.1040100793,0.2240993704,0.0279738384,0.1133282993,0.9931637131,0.9993871804,0.0000504280,5,1
238,biot,0.1329517699,0.1056624903,0.2283151586,0.0262907227,0.1136585476,0.9931719551,0.9988825229,0.0000503857,6,1
239,biot,0.1646041294,0.1050315500,0.2247053553,0.0272364062,0.1128386732,0.9932399569,0.9990644370,0.0000505477,6,1
240,biot,0.0009668979,0.1406896339,0.2293267200,0.0232592905,0.1093709690,0.9937288345,0.9987649487,0.0000503233,6,1
241,biot,0.0344542923,0.1362239092,0.2235211330,0.0273370005,0.1123273395,0.9932951511,0.9994126152,0.0000504878,5,1
242,biot,0.0660156992,0.1357185845,0.2235616269,0.0255523291,0.1102932643,0.9935705684,0.9994188652,0.0000505241,5,1
243,biot,0.1001466435,0.1394436650,0.2291173115,0.0284934163,0.1128543096,0.9932029148,0.9988451261,0.0000503317,6,1
244,biot,0.1326287586,0.1385161711,0.2266074835,0.0286209897,0.1114316423,0.9933598684,0.9989803629,0.0000504593,6,1
245,biot,0.1643344716,0.1372275574,0.2232829033,0.0274948592,0.1138619947,0.9931160450,0.9991526298,0.0000506444,6,1
246,biot,0.0022562339,0.1727249099,0.2268231332,0.0234606087,0.1121287552,0.9934167011,0.9988920377,0.0000504649,6,1
247,biot,0.0348377439,0.1724320307,0.2274936752,0.0269366512,0.1116527139,0.9933821462,0.9988796601,0.0000503689,6,1
248,biot,0.0676915218,0.1721056764,0.2272916935,0.0275289431,0.1133095839,0.9931782798,0.9989117104,0.0000503625,6,1
249,biot,0.1001663149,0.1712346602,0.2263563585,0.0256082347,0.1148512861,0.9930525668,0.9989896279,0.0000504186,6,1
250,biot,0.1323869441,0.1701897464,0.2241005102,0.0252423526,0.1148548788,0.9930615190,0.9991119300,0.0000505419,6,1
251,biot,0.1637176031,0.1687573080,0.2214901826,0.0274814153,0.1151074267,0.9929728355,0.9992689211,0.0000506521,6,1
252,biot,-0.0006951830,0.0098455197,0.1939368614,0.0250644655,0.1071040776,0.9939318332,0.9993126603,0.0000503512,5,1
253,biot,0.0315431562,0.0087515082,0.1944500084,0.0259822110,0.1111114155,0.9934682572,0.9993086158,0.0000502491,5,1
254,biot,0.0636273021,0.0082650298,0.1947454432,0.0253606399,0.1109308729,0.9935044939,0.9993193022,0.0000501715,5,1
255,biot,0.0958108787,0.0079016918,0.1939927172,0.0269025617,0.1114599240,0.9934047199,0.9993499251,0.0000502687,5,1
256,biot,0.1277270966,0.0076833183,0.1926753390,0.0299945153,0.1117111150,0.9932879521,0.9994010410,0.0000504707,5,1
257,biot,0.1588203708,0.0082017866,0.1902018514,0.0287453613,0.1104914027,0.9934612998,0.9995174678,0.0000506342,5,1
258,biot,-0.0004004891,0.0418566713,0.1949861427,0.0260636436,0.1111733125,0.9934591995,0.9992916222,0.0000501367,5,1
259,biot,0.0318511364,0.0410056687,0.1956865266,0.0279527026,0.1092549774,0.9936206501,0.9992839242,0.0000500198,5,1
260,biot,0.0640177362,0.0405523807,0.1958805640,0.0292290722,0.1138624168,0.9930664688,0.9992939783,0.0000500026,5,1
261,biot,0.0963106393,0.0404254868,0.1951675416,0.0265953740,0.1107456797,0.9934928689,0.9993256561,0.0000501052,5,1
262,biot,0.1284329946,0.0397345952,0.1937923251,0.0302391462,0.1139281174,0.9930286895,0.9993804879,0.0000502499,5,1
263,biot,0.1596253557,0.0399563937,0.1916699880,0.0269663579,0.1135318086,0.9931683362,0.9994577198,0.0000504832,5,1
264,biot,0.0001685284,0.0740974270,0.1956216086,0.0236461563,0.1107991270,0.9935614791,0.9992846497,0.0000500510,5,1
265,biot,0.0323539254,0.0733495133,0.1961656786,0.0263711636,0.1110250762,0.9934676614,0.9992772524,0.0000499800,5,1
266,biot,0.0646538376,0.0728503262,0.1965143439,0.0258511340,0.1117552715,0.9933994555,0.9992877708,0.0000499802,5,1
267,biot,0.0969439606,0.0722806020,0.1957157716,0.0274503173,0.1138450880,0.9931192154,0.9993207351,0.0000501025,5,1
268,biot,0.1288707110,0.0721133549,0.1940924827,0.0267499458,0.1128620231,0.9932505244,0.9993782889,0.0000502315,5,1
269,biot,0.1603033765,0.0719310068,0.1919202292,0.0296694795,0.1151975826,0.9928994103,0.9994580661,0.0000505628,5,1
270,biot,0.0008570383,0.1064011565,0.1953449664,0.0245955440,0.1113257282,0.9934795627,0.9992958349,0.0000502095,5,1
271,biot,0.0331322030,0.1054689458,0.1960000752,0.0263079821,0.1110331331,0.9934684361,0.9992901898,0.0000500358,5,1
272,biot,0.0652188124,0.1050174070,0.1961705635,0.0275644192,0.1119790457,0.9933281915,0.9993022097,0.0000500773,5,1
273,biot,0.0973299299,0.1045682938,0.1955728788,0.0255404357,0.1106277470,0.9935336873,0.9993380411,0.0000500627,5,1
274,biot,0.1291153521,0.1042348607,0.1939437158,0.0274650530,0.1134604049,0.9931628302,0.9993961910,0.0000502619,5,1
275,biot,0.1603297419,0.1036661932,0.1915797794,0.0267311634,0.1119195243,0.9933576722,0.9994992908,0.0000505366,5,1
276,biot,0.0016042067,0.1383638724,0.1945126630,0.0241311903,0.1099156700,0.9936479412,0.9993243569,0.0000502513,5,1
277,biot,0.0337201280,0.1377057354,0.1950845595,0.0265477952,0.1123892088,0.9933095592,0.9993229128,0.0000501978,5,1
278,biot,0.0657949329,0.1371162488,0.1952060705,0.0243079183,0.1125923194,0.9933438955,0.9993385390,0.0000501162,5,1
279,biot,0.0974327862,0.1370064516,0.1944189874,0.0261768442,0.1119301572,0.9933712361,0.9993749634,0.0000502575,5,1
280,biot,0.1294770841,0.1361876306,0.1930420385,0.0272078051,0.1131197396,0.9932087695,0.9994342819,0.0000503881,5,1
281,biot,0.1596915820,0.1348962425,0.1904822604,0.0280791641,0.1148410697,0.9929869532,0.9995867826,0.0000506073,5,1
282,biot,0.0028405869,0.1693609610,0.1926083440,0.0256708157,0.1106887713,0.9935235302,0.9994324650,0.0000504277,5,1
283,biot,0.0346239281,0.1690450891,0.1934883105,0.0253385574,0.1123234947,0.9933485743,0.9993861071,0.0000503803,5,1
284,biot,0.0663666067,0.1689027144,0.1934476500,0.0259782633,0.1122828516,0.9933366454,0.9994002935,0.0000503682,5,1
285,biot,0.0978045681,0.1680474232,0.1926463900,0.0247544305,0.1127810166,0.9933114620,0.9994638508,0.0000504203,5,1
286,biot,0.1289771142,0.1665774527,0.1911152254,0.0262354186,0.1149794008,0.9930213695,0.9995705135,0.0000505879,5,1
287,biot,0.1651105021,0.1700803958,0.1900136461,0.0286052786,0.1155626613,0.9928882159,0.9993384063,0.0000505956,6,1
288,biot,-0.0019385375,0.0090472574,0.1639558029,0.0253358737,0.1100129336,0.9936071900,0.9993554062,0.0000499593,5,1
289,biot,0.0306263375,0.0078887831,0.1649296350,0.0256778019,0.1141881106,0.9931272456,0.9993372263,0.0000497432,5,1
290,biot,0.0631890050,0.0074629965,0.1651824193,0.0259076739,0.1108910318,0.9934948271,0.9993425183,0.0000497617,5,1
291,biot,0.0958622926,0.0069732464,0.1643081086,0.0288741537,0.1108180345,0.9934211828,0.9993810515,0.0000499448,5,1
292,biot,0.1279734616,0.0074219178,0.1625935421,0.0274276782,0.1116058084,0.9933739809,0.9994514579,0.0000502181,5,1
293,biot,0.1595568205,0.0075791276,0.1598322922,0.0293871163,0.1106174993,0.9934284907,0.9995521034,0.0000505262,5,1
294,biot,-0.0016586839,0.0416039451,0.1654397089,0.0257372625,0.1113807321,0.9934444755,0.9993176753,0.0000496670,5,1
295,biot,0.0310878487,0.0405814808,0.1664477661,0.0247481049,0.1103754562,0.9935817983,0.9992927514,0.0000494224,5,1
296,biot,0.0638045467,0.0399518294,0.1668755687,0.0276145367,0.1117248934,0.9933554175,0.9992975686,0.0000494859,5,1
297,biot,0.0964625537,0.0398226861,0.1659178108,0.0282620598,0.1110635448,0.9934113675,0.9993389584,0.0000495963,5,1
298,biot,0.1287509118,0.0395948515,0.1641336569,0.0321417369,0.1126308144,0.9931169158,0.9994156793,0.0000499213,5,1
299,biot,0.1603666295,0.0395918122,0.1610341177,0.0293458235,0.1116521109,0.9933139628,0.9995246274,0.0000502799,5,1
300,biot,-0.0010990965,0.0743331727,0.1659684659,0.0247608656,0.1101235932,0.9936094272,0.9993059162,0.0000494193,5,1
301,biot,0.0316980137,0.0734304577,0.1669783997,0.0261962096,0.1132406950,0.9932221824,0.9992795403,0.0000492299,5,1
302,biot,0.0642131013,0.0732156317,0.1672275760,0.0241960638,0.1105397712,0.9935771281,0.9992852026,0.0000492326,5,1
303,biot,0.0971708515,0.0725335247,0.1662604713,0.0244836240,0.1131746602,0.9932734006,0.9993297240,0.0000494028,5,1
304,biot,0.1293262185,0.0721928552,0.1644582260,0.0274501018,0.1113936849,0.9933971708,0.9994110365,0.0000497600,5,1
305,biot,0.1609414644,0.0717213835,0.1614392013,0.0286872724,0.1134635837,0.9931279150,0.9995240548,0.0000501636,5,1
306,biot,-0.0003222206,0.1068363196,0.1655865901,0.0275592039,0.1105544224,0.9934879013,0.9993235094,0.0000495592,5,1
307,biot,0.0323078572,0.1062285050,0.1666364437,0.0257861505,0.1103950411,0.9935532242,0.9993018866,0.0000493428,5,1
308,biot,0.0649182099,0.1056954305,0.1668775531,0.0272443451,0.1141546514,0.9930893521,0.9993098828,0.0000493421,5,1
309,biot,0.0975998507,0.1051413477,0.1657188717,0.0264457558,0.1116478121,0.9933958869,0.9993553680,0.0000494774,5,1
310,biot,0.1297472526,0.1043327706,0.1642220373,0.0292721112,0.1137430430,0.9930788809,0.9994361462,0.0000497408,5,1
311,biot,0.1613905241,0.1036545414,0.1610618193,0.0278201267,0.1134682365,0.9931520527,0.9995516011,0.0000501248,5,1
312,biot,0.0005343282,0.1394008830,0.1644430924,0.0239884253,0.1105337896,0.9935828284,0.9993693081,0.0000497733,5,1
313,biot,0.0329875284,0.1386230661,0.1652259423,0.0257856388,0.1127635487,0.9932872107,0.9993555153,0.0000496138,5,1
314,biot,0.0654215098,0.1380705566,0.1653470988,0.0259305017,0.1121200143,0.9933562863,0.9993688844,0.0000495036,5,1
315,biot,0.0976582183,0.1375927351,0.1644375678,0.0247359394,0.1155012335,0.9929992942,0.9994140692,0.0000496252,5,1
316,biot,0.1299697491,0.1364356026,0.1628977991,0.0301239318,0.1133444790,0.9930989768,0.9994935508,0.0000499206,5,1
317,biot,0.1612645091,0.1354899539,0.1599078136,0.0269486678,0.1182206923,0.9926215982,0.9996064545,0.0000503074,5,1
318,biot,0.0018062222,0.1708942642,0.1626572386,0.0275329231,0.1117216496,0.9933580478,0.9994344822,0.0000500469,5,1
319,biot,0.0339451061,0.1703053812,0.1630945993,0.0240371822,0.1108087040,0.9935510279,0.9994322467,0.0000499043,5,1
320,biot,0.0659349874,0.1699849176,0.1630225292,0.0274221122,0.1129730011,0.9932195773,0.9994530523,0.0000498716,5,1
321,biot,0.0980092503,0.1691507105,0.1622635770,0.0258533045,0.1097876998,0.9936187738,0.9995015949,0.0000499850,5,1
322,biot,0.1295998190,0.1682712086,0.1606177995,0.0269173103,0.1133017310,0.9931959405,0.9995773612,0.0000502190,5,1
323,biot,0.1608900639,0.1667582770,0.1580860210,0.0276754630,0.1131914336,0.9931876802,0.9996862356,0.0000504360,5,1
324,biot,-0.0034775319,0.0078571367,0.1337790775,0.0268486733,0.1097802891,0.9935931949,0.9993833230,0.0000491162,5,1
325,biot,0.0295840540,0.0063206392,0.1354302402,0.0281299094,0.1113366662,0.9933845454,0.9993373682,0.0000488004,5,1
326,biot,0.0627345239,0.0057890795,0.1358236282,0.0258730292,0.1113909114,0.9934398076,0.9993353210,0.0000487889,5,1
327,biot,0.0962813369,0.0054529702,0.1349478799,0.0266265848,0.1121360306,0.9933360638,0.9993913282,0.0000490054,5,1
328,biot,0.1289717844,0.0058002168,0.1323080898,0.0292894332,0.1152122999,0.9929089863,0.9994995945,0.0000495680,5,1
329,biot,0.1604351089,0.0067485071,0.1286438937,0.0324344612,0.1120943277,0.9931680963,0.9996448916,0.0000501329,5,1
330,biot,-0.0036718272,0.0412794760,0.1359069763,0.0276912894,0.1094926630,0.9936018062,0.9993143688,0.0000486281,5,1
331,biot,0.0297590943,0.0400383580,0.1377700834,0.0264488961,0.1111537858,0.9934512025,0.9992498280,0.0000481527,5,1
332,biot,0.0635570096,0.0394790405,0.1383147079,0.0277501802,0.1113116576,0.9933980282,0.9992424494,0.0000481459,5,1
333,biot,0.0970017425,0.0391492840,0.1371015493,0.0273236353,0.1108469655,0.9934618106,0.9993074146,0.0000483983,5,1
334,biot,0.1302555624,0.0388597881,0.1340735573,0.0267505528,0.1135038874,0.9931773635,0.9994393046,0.0000490266,5,1
335,biot,0.1616000483,0.0392466410,0.1298692559,0.0275710523,0.1138111770,0.9931197577,0.9996073323,0.0000497274,5,1
336,biot,-0.0028923676,0.0744208964,0.1367135582,0.0250809731,0.1097722506,0.9936402758,0.9992904603,0.0000484441,5,1
337,biot,0.0305510419,0.0737993246,0.1384994108,0.0273708335,0.1109424968,0.9934498477,0.9992204116,0.0000479724,5,1
338,biot,0.0641264682,0.0734286529,0.1385836838,0.0252306482,0.1103921681,0.9935678052,0.9992112294,0.0000478608,5,1
339,biot,0.0976645130,0.0726766566,0.1375410259,0.0294807086,0.1152128755,0.9929032587,0.9992840278,0.0000481809,5,1
340,biot,0.1307676542,0.0720021953,0.1344424585,0.0287465683,0.1140935153,0.9930540290,0.9994262408,0.0000487761,5,1
341,biot,0.1622814379,0.0716794662,0.1300667772,0.0300084030,0.1122407964,0.9932278185,0.9996057730,0.0000495758,5,1
342,biot,-0.0019426666,0.1076482730,0.1361802395,0.0264972312,0.1121941342,0.9933329618,0.9993222183,0.0000486143,5,1
343,biot,0.0313290654,0.1071484833,0.1376774501,0.0266647439,0.1114380587,0.9934135848,0.9992627708,0.0000481241,5,1
344,biot,0.0648860044,0.1066896785,0.1376719495,0.0261154744,0.1136441535,0.9931782259,0.9992605510,0.0000480705,5,1
345,biot,0.0979853080,0.1059613376,0.1367569610,0.0259074030,0.1102311734,0.9935682638,0.9993333438,0.0000483230,5,1
346,biot,0.1308537929,0.1049440142,0.1338802823,0.0276524501,0.1116967072,0.9933575326,0.9994689349,0.0000488733,5,1
347,biot,0.1624858612,0.1037788092,0.1296300540,0.0281147866,0.1144265169,0.9930338015,0.9996428524,0.0000496483,5,1
348,biot,-0.0004561976,0.1404405630,0.1342527211,0.0229864335,0.1107451392,0.9935829799,0.9994019481,0.0000489777,5,1
349,biot,0.0321879116,0.1401622552,0.1353342284,0.0267114933,0.1110542378,0.9934553097,0.9993671503,0.0000486692,5,1
350,biot,0.0651273591,0.1396860396,0.1353456657,0.0261739709,0.1125927833,0.9932964252,0.9993769903,0.0000485693,5,1
351,biot,0.0980504645,0.1386676616,0.1344682135,0.0279857384,0.1148044732,0.9929938224,0.9994406735,0.0000487883,5,1
352,biot,0.1304305524,0.1374902889,0.1320250847,0.0281816534,0.1141183058,0.9930673727,0.9995572498,0.0000492796,5,1
353,biot,0.1618878272,0.1354594807,0.1285198269,0.0278235979,0.1164161404,0.9928107220,0.9997107465,0.0000498756,5,1
354,biot,0.0011157520,0.1723608001,0.1313280162,0.0248972351,0.1103268938,0.9935834661,0.9995135929,0.0000495470,5,1
355,biot,0.0334810904,0.1718548702,0.1317416459,0.0264404405,0.1111982281,0.9934464541,0.9995042618,0.0000492817,5,1
356,biot,0.0657355667,0.1713955152,0.1318436157,0.0268328683,0.1129288540,0.9932406914,0.9995260189,0.0000492277,5,1
357,biot,0.0977313681,0.1705974135,0.1309563426,0.0295154801,0.1139070481,0.9930528792,0.9995818055,0.0000493741,5,1
358,biot,0.1300092044,0.1687218860,0.1291765095,0.0267031930,0.1154021872,0.9929598555,0.9996790707,0.0000497544,5,1
359,biot,0.1609534460,0.1666963188,0.1263638727,0.0284145192,0.1145958273,0.9930057459,0.9998151461,0.0000502011,5,1
360,biot,-0.0058809472,0.0055343660,0.1026056538,0.0244577472,0.1092314790,0.9937154032,0.9993875180,0.0000478880,5,1
361,biot,0.0281066114,0.0030054389,0.1048631537,0.0253655660,0.1097077557,0.9936401745,0.9992757463,0.0000471809,5,1
362,biot,0.0626156224,0.0022435135,0.1055578071,0.0269011026,0.1119924792,0.9933448622,0.9992557066,0.0000471252,5,1
363,biot,0.0972286712,0.0027313740,0.1040606885,0.0301719736,0.1101447199,0.9934574942,0.9993466281,0.0000476352,5,1
364,biot,0.1305680381,0.0042660910,0.1007309809,0.0313042549,0.1110935110,0.9933168052,0.9995427641,0.0000485345,5,1
365,biot,0.1617853131,0.0060876878,0.0953537291,0.0305254158,0.1096466390,0.9935017934,0.9997805657,0.0000495665,5,1
366,biot,-0.0067153714,0.0399042123,0.1056637021,0.0254729603,0.1100094584,0.9936040697,0.9992299052,0.0000470216,5,1
367,biot,0.0281558841,0.0386117937,0.1088283694,0.0262368581,0.1105902174,0.9935197185,0.9989957513,0.0000462866,5,1
368,biot,0.0638821587,0.0381692593,0.1095242254,0.0283511284,0.1102070723,0.9935042097,0.9989258508,0.0000463131,5,1
369,biot,0.0990131158,0.0378152893,0.1071982774,0.0280328459,0.1107248045,0.9934556745,0.9990940793,0.0000468191,5,1
370,biot,0.1326080094,0.0379310251,0.1026521811,0.0289384995,0.1118072900,0.9933084582,0.9994160449,0.0000476743,5,1
371,biot,0.1633462754,0.0389819030,0.0964759310,0.0284249794,0.1123770166,0.9932589927,0.9997277769,0.0000488598,5,1
372,biot,-0.0059473525,0.0751463537,0.1061542873,0.0285577034,0.1095923126,0.9935662950,0.9991567895,0.0000468279,5,1
373,biot,0.0292904532,0.0742979541,0.1095385776,0.0244699141,0.1108072115,0.9935406309,0.9988504091,0.0000462061,5,1
374,biot,0.0646673562,0.0737062418,0.1095801055,0.0286569172,0.1110893869,0.9933971659,0.9987341520,0.0000463324,5,1
375,biot,0.0994938634,0.0727498457,0.1072652680,0.0279478704,0.1095649377,0.9935866550,0.9989635027,0.0000466960,5,1
376,biot,0.1332251829,0.0716755789,0.1026709564,0.0280736871,0.1124970676,0.9932553941,0.9993807429,0.0000474278,5,1
377,biot,0.1640801940,0.0711718574,0.0965015398,0.0294760371,0.1142143783,0.9930187506,0.9997314487,0.0000484784,5,1
378,biot,-0.0043126336,0.1091212098,0.1053785148,0.0429510243,0.1083258755,0.9931871496,0.9992291607,0.0000470630,5,1
379,biot,0.0302470141,0.1091025796,0.1077603071,0.0255932660,0.1120234576,0.9933759257,0.9989820305,0.0000466902,5,1
380,biot,0.0647699039,0.1085614073,0.1075120238,0.0272077917,0.1118186378,0.9933560934,0.9988864057,0.0000466750,5,1
381,biot,0.0992300769,0.1067892144,0.1063705796,0.0284508928,0.1142454864,0.9930450723,0.9990999856,0.0000468707,5,1
382,biot,0.1332269763,0.1047607663,0.1020196325,0.0288487668,0.1148525542,0.9929635640,0.9994666748,0.0000474730,5,1
383,biot,0.1638705502,0.1029788031,0.0960705585,0.0241779501,0.1152630903,0.9930407075,0.9997837488,0.0000485667,5,1
384,biot,-0.0019932013,0.1426089596,0.1024936272,0.0237704561,0.1111444065,0.9935199476,0.9994086961,0.0000479157,5,1
385,biot,0.0317708459,0.1428398365,0.1035245923,0.0243252417,0.1116297292,0.9934521056,0.9993091203,0.0000472931,5,1
386,biot,0.0648730423,0.1424011335,0.1033077109,0.0251613575,0.1137443258,0.9931913886,0.9993029477,0.0000471364,5,1
387,biot,0.0983587171,0.1409817448,0.1025417353,0.0269106432,0.1117388089,0.9933731705,0.9994207407,0.0000472756,5,1
388,biot,0.1319412745,0.1381535227,0.0998489230,0.0278746665,0.1137402168,0.9931194118,0.9996366882,0.0000479909,5,1
389,biot,0.1627770566,0.1350327043,0.0951078554,0.0298030922,0.1157774300,0.9928279621,0.9998699012,0.0000491072,5,1
390,biot,0.0009019299,0.1737257366,0.0983419505,0.0229178857,0.1116453961,0.9934838076,0.9996252394,0.0000488491,5,1
391,biot,0.0332932986,0.1736947530,0.0983048910,0.0261457200,0.1128652539,0.9932662462,0.9996160427,0.0000482913,5,1
392,biot,0.0653966228,0.1729334682,0.0980873518,0.0240535689,0.1101007274,0.9936293351,0.9996446451,0.0000481584,5,1
393,biot,0.0975218595,0.1719180404,0.0976290967,0.0276097488,0.1143506995,0.9930567050,0.9997150948,0.0000483971,5,1
394,biot,0.1300062318,0.1693393557,0.0962175740,0.0272967307,0.1142705339,0.9930745861,0.9998323761,0.0000489555,5,1
395,biot,0.1608238231,0.1660083216,0.0932494031,0.0279996925,0.1134549644,0.9931485228,0.9999878379,0.0000497719,5,1
396,biot,-0.0063338581,0.0016194269,0.0652983127,0.0443675832,0.0925249614,0.9947213927,0.9921655337,0.0000469358,7,1
397,biot,0.0290157394,-0.0000266426,0.0665418283,0.0455480617,0.1014675648,0.9937956064,0.9832737406,0.0000464724,7,1
398,biot,0.0615291336,-0.0006950118,0.0670345373,0.0473323864,0.1167502442,0.9920327745,0.9828695259,0.0000464564,7,1
399,biot,0.0952781178,-0.0002021215,0.0676207408,0.0465745182,0.1258718500,0.9909526183,0.9876874054,0.0000473171,7,1
400,biot,0.1296371599,0.0010653667,0.0654140438,0.0408719872,0.1310733670,0.9905297841,0.9949383029,0.0000483062,15,1
401,biot,0.1622338484,0.0050630065,0.0602121983,0.0307247391,0.1142853073,0.9929727383,1.0000035045,0.0000485316,5,1
402,biot,-0.0080290225,0.0388118441,0.0680908543,0.0421013757,0.0928774233,0.9947870417,0.9827968855,0.0000466089,7,1
403,biot,0.0301442990,0.0387790754,0.0696290944,0.0446522534,0.1070577768,0.9932496205,0.9901839436,0.0000471958,6,1
404,biot,0.0631596290,0.0393544119,0.0691263834,0.0452951091,0.1093768175,0.9929678066,0.9896156551,0.0000470968,6,1
405,biot,0.0953818332,0.0381126922,0.0685718515,0.0327863693,0.1158748899,0.9927225513,0.9907887287,0.0000476057,6,1
406,biot,0.1295636555,0.0365564879,0.0671450204,0.0309836303,0.1177276485,0.9925624491,0.9950094280,0.0000481719,6,1
407,biot,0.1638475498,0.0373454840,0.0609858231,0.0299670473,0.1148963475,0.9929253776,0.9998798455,0.0000476702,5,1
408,biot,-0.0070486248,0.0725852818,0.0689011861,0.0404960815,0.1020989151,0.9939496360,0.9919666744,0.0000467540,6,1
409,biot,0.0318440718,0.0719441069,0.0689332507,0.0424148065,0.1067259700,0.9933833860,0.9891324832,0.0000474261,6,1
410,biot,0.0628369739,0.0712899714,0.0673087792,0.0265946818,0.1123413540,0.9933137184,0.9883291045,0.0000476132,6,1
411,biot,0.0938942256,0.0695176232,0.0674710610,0.0297728125,0.1180060377,0.9925664485,0.9898566035,0.0000480825,6,1
412,biot,0.1291927479,0.0684038670,0.0670718582,0.0266244955,0.1204491800,0.9923623992,0.9938555544,0.0000480178,6,1
413,biot,0.1641995561,0.0692482536,0.0607011641,0.0302609565,0.1153429950,0.9928646776,0.9998646361,0.0000472545,5,1
414,biot,-0.0051570828,0.1058795382,0.0690844033,0.0217389176,0.1045056975,0.9942866682,0.9927262498,0.0000474572,6,1
415,biot,0.0315144639,0.1033592607,0.0685390097,0.0211595819,0.1075260331,0.9939770743,0.9900954255,0.0000477895,6,1
416,biot,0.0623108560,0.1012457794,0.0675707997,0.0231788146,0.1141617338,0.9931917444,0.9895399699,0.0000480609,6,1
417,biot,0.0938941228,0.0996830521,0.0681084850,0.0227692532,0.1193144588,0.9925953964,0.9913994315,0.0000481721,6,1
418,biot,0.1297530925,0.0992896203,0.0666816309,0.0252003076,0.1205269712,0.9923901419,0.9950345334,0.0000474236,6,1
419,biot,0.1650093101,0.0987173413,0.0598206190,0.0205557742,0.1265715216,0.9917444782,1.0033883554,0.0000472721,7,1
420,biot,-0.0016838401,0.1406152062,0.0681075200,0.0190424802,0.1085608926,0.9939073984,0.9949998151,0.0000480714,6,1
421,biot,0.0322091331,0.1379828708,0.0672720418,0.0191456886,0.1093816189,0.9938154276,0.9929045422,0.0000477316,6,1
422,biot,0.0627844882,0.1363066992,0.0669791889,0.0185550027,0.1139296494,0.9933155324,0.9928601888,0.0000476866,6,1
423,biot,0.0948911242,0.1349273126,0.0675540303,0.0208424110,0.1176223430,0.9928396539,0.9959670334,0.0000476865,6,1
424,biot,0.1294957353,0.1325066433,0.0657914669,0.0235994185,0.1209347315,0.9923798961,0.9984498752,0.0000477439,6,1
425,biot,0.1641327300,0.1302880913,0.0604602793,0.0237810031,0.1223877593,0.9921974099,1.0029181220,0.0000483791,6,1
426,biot,0.0029067102,0.1735215442,0.0623506719,0.0250949188,0.1096532635,0.9936530616,0.9996949812,0.0000481935,5,1
427,biot,0.0343662190,0.1727528046,0.0609094010,0.0255373801,0.1137861582,0.9931769995,0.9996210232,0.0000473490,5,1
428,biot,0.0646563899,0.1719196884,0.0608471866,0.0248759483,0.1116538131,0.9934357620,0.9997071296,0.0000471464,5,1
429,biot,0.0958036554,0.1720580975,0.0599460710,0.0203279812,0.1181091728,0.9927925244,1.0005808673,0.0000474729,6,1
430,biot,0.1281155383,0.1681735666,0.0608185059,0.0215925059,0.1187514173,0.9926892085,1.0020147494,0.0000485883,6,1
431,biot,0.1625016663,0.1632238901,0.0594026833,0.0230084494,0.1197749952,0.9925344134,1.0043342470,0.0000496561,6,1
432,biot,0.0011500489,0.0186177402,0.2129576689,0.0004112280,-0.8093211413,0.5873662580,0.9994528305,0.0000506887,5,1
433,biot,0.0326036659,0.0176629026,0.2134212423,0.0031138106,-0.8069410011,0.5906238439,0.9994026524,0.0000506178,5,1
434,biot,0.0640863536,0.0170258225,0.2137483568,0.0060617271,-0.8074878812,0.5898530132,0.9994052603,0.0000505973,5,1
435,biot,0.0955553362,0.0163404192,0.2127623515,0.0054203772,-0.8069587040,0.5905829912,0.9994526556,0.0000506445,5,1
436,biot,0.1309850649,0.0174679969,0.2174808067,0.0044326919,-0.8063266348,0.5914538945,0.9989815435,0.0000505877,6,1
437,biot,0.1626541913,0.0167852487,0.2141900960,0.0065033377,-0.8061367307,0.5916935677,0.9991353487,0.0000506783,6,1
438,biot,-0.0004591911,0.0543841360,0.2185379873,0.0105680051,-0.8069880725,0.5904731731,0.9989664078,0.0000505439,6,1
439,biot,0.0331897899,0.0495524657,0.2129770662,0.0063200551,-0.8093001805,0.5873612812,0.9994854533,0.0000506918,5,1
440,biot,0.0646385127,0.0488124750,0.2130120967,0.0043025223,-0.8059613138,0.5919525733,0.9994809228,0.0000506968,5,1
441,biot,0.0958522731,0.0479977650,0.2121991296,0.0059338762,-0.8040679165,0.5945078425,0.9995222309,0.0000507420,5,1
442,biot,0.1311074545,0.0511860385,0.2160691441,0.0033847297,-0.8050628963,0.5931798013,0.9991194042,0.0000506489,6,1
443,biot,0.1627602395,0.0501175470,0.2128293027,0.0059444374,-0.8008059265,0.5988944246,0.9992676249,0.0000507835,6,1
444,biot,0.0009540819,0.0876010098,0.2154447348,0.0087720208,-0.8073310633,0.5900335634,0.9991866530,0.0000506380,6,1
445,biot,0.0334507465,0.0866690487,0.2165161533,0.0040683457,-0.8095569327,0.5870272747,0.9991548192,0.0000505931,6,1
446,biot,0.0661016671,0.0859110443,0.2165198215,0.0052872248,-0.8076040088,0.5897014585,0.9991631738,0.0000505880,6,1
447,biot,0.0987018604,0.0852148040,0.2153881025,0.0050081602,-0.8070359247,0.5904811043,0.9992256653,0.0000506397,6,1
448,biot,0.1307119317,0.0840410833,0.2134830862,0.0072882353,-0.7997193343,0.6003297993,0.9993169526,0.0000507520,6,1
449,biot,0.1620907176,0.0826089318,0.2105189244,0.0122979131,-0.8004438205,0.5992816128,0.9994537209,0.0000508162,6,1
450,biot,0.0028054842,0.1191129084,0.2114529360,0.0013536670,-0.8094791227,0.5871471003,0.9994733949,0.0000507794,6,1
451,biot,0.0344937362,0.1183016683,0.2122124157,0.0036526574,-0.8058972498,0.5920441545,0.9994402257,0.0000507310,6,1
452,biot,0.0664965108,0.1179608962,0.2120305954,0.0049897243,-0.8080747902,0.5890587714,0.9994634433,0.0000507650,6,1
453,biot,0.0983118141,0.1168909604,0.2111298228,0.0040953862,-0.8046503109,0.5937348777,0.9995064411,0.0000508097,6,1
454,biot,0.1297617704,0.1155279983,0.2095432605,0.0055864681,-0.8010608638,0.5985568342,0.9995894946,0.0000508219,6,1
455,biot,0.1607886376,0.1138105629,0.2073362178,0.0101407975,-0.7999803077,0.5999405566,0.9997053689,0.0000509070,6,1
456,biot,0.0044331304,0.1489458442,0.2069460440,0.0028969550,-0.8087122833,0.5881972888,0.9997964614,0.0000508829,6,1
457,biot,0.0355083630,0.1482721859,0.2071823847,0.0037179916,-0.8071563484,0.5903260165,0.9997788063,0.0000508784,6,1
458,biot,0.0665714667,0.1479104439,0.2069535258,0.0068209708,-0.8014653877,0.5980022631,0.9997816654,0.0000509017,6,1
459,biot,0.0978629485,0.1468131546,0.2063705527,0.0040407071,-0.8005952136,0.5991919363,0.9998270509,0.0000509480,6,1
460,biot,0.1287608752,0.1452541508,0.2053616153,0.0039087790,-0.8010517041,0.5985823993,0.9999007200,0.0000509486,6,1
461,biot,0.1549540008,0.1334930791,0.2071073066,0.0067584299,-0.8035339284,0.5952205890,1.0000000000,0.0000511339,6,1
462,biot,0.0060868392,0.1768886700,0.2027500542,0.0046405748,-0.8076023843,0.5897091266,1.0001189624,0.0000509638,6,1
463,biot,0.0362851574,0.1761328830,0.2028365966,0.0075116903,-0.8063998032,0.5913230351,1.0001096571,0.0000509245,6,1
464,biot,0.0668623739,0.1756346600,0.2027591117,0.0065503605,-0.7995897890,0.6005108343,1.0001086430,0.0000509368,6,1
465,biot,0.0971012612,0.1744480806,0.2023357928,0.0020082837,-0.8033104685,0.5955570989,1.0001585224,0.0000509150,6,1
466,biot,0.1255048520,0.1636284568,0.2078647268,-0.0041847015,-0.8048711377,0.5934348658,1.0000000000,0.0000511237,6,1
467,biot,0.1554395024,0.1629880521,0.2079495518,0.0013216419,-0.8041310994,0.5944505263,1.0000000000,0.0000511238,6,1
468,biot,-0.0001345832,0.0188524931,0.1846346644,0.0022319758,-0.8080853827,0.5890611450,0.9993585336,0.0000502872,5,1
469,biot,0.0318504756,0.0176162606,0.1849883574,0.0080027544,-0.8081327767,0.5889459832,0.9993511013,0.0000502018,5,1
470,biot,0.0637318195,0.0170599254,0.1851472506,0.0075561201,-0.8058243598,0.5921064146,0.9993584938,0.0000502190,5,1
471,biot,0.0958150585,0.0164393829,0.1843974179,0.0077594493,-0.8078558814,0.5893289962,0.9993854346,0.0000502864,5,1
472,biot,0.1277792288,0.0157535370,0.1831133511,0.0071912460,-0.8057110144,0.5922651832,0.9994313805,0.0000504053,5,1
473,biot,0.1588382847,0.0153867990,0.1808205082,0.0064817980,-0.8065706992,0.5911021008,0.9995246758,0.0000505793,5,1
474,biot,0.0005724712,0.0513717151,0.1839419467,0.0049040521,-0.8094693345,0.5871416752,0.9994280936,0.0000503630,5,1
475,biot,0.0326025428,0.0502877711,0.1843990026,0.0071720823,-0.8052754702,0.5928574688,0.9994152286,0.0000503669,5,1
476,biot,0.0643881405,0.0495024536,0.1844579770,0.0090517651,-0.8061394858,0.5916563149,0.9994228083,0.0000503465,5,1
477,biot,0.0964037873,0.0488565992,0.1837498088,0.0043192573,-0.8046078319,0.5937908561,0.9994503063,0.0000504346,5,1
478,biot,0.1281467823,0.0483652735,0.1823226081,0.0085718819,-0.8083412572,0.5886517941,0.9995012800,0.0000505376,5,1
479,biot,0.1590143307,0.0472410599,0.1802188889,0.0087971994,-0.8034009821,0.5953733882,0.9996060509,0.0000507167,5,1
480,biot,0.0015232750,0.0836089564,0.1823492259,0.0066198472,-0.8095489376,0.5870150724,0.9995389433,0.0000505392,5,1
481,biot,0.0333626671,0.0825629147,0.1826876108,0.0063508173,-0.8077979878,0.5894252099,0.9995247642,0.0000505278,5,1
482,biot,0.0648823155,0.0818423987,0.1827791934,0.0077456701,-0.8048806315,0.5933861927,0.9995287047,0.0000505422,5,1
483,biot,0.0966949164,0.0810161063,0.1822702103,0.0055823959,-0.8050833361,0.5931354473,0.9995566382,0.0000505917,5,1
484,biot,0.1281630191,0.0803027984,0.1809805694,0.0058795935,-0.8053310586,0.5927961845,0.9996085093,0.0000506554,5,1
485,biot,0.1584685045,0.0785817218,0.1785920923,0.0092076455,-0.7992389165,0.6009429038,0.9997309645,0.0000508287,5,1
486,biot,0.0029776801,0.1142331048,0.1795301572,0.0054083011,-0.8064824346,0.5912333151,0.9997198678,0.0000508057,5,1
487,biot,0.0340972039,0.1140355209,0.1801280454,0.0060720683,-0.8074799699,0.5898637369,0.9996852594,0.0000506859,5,1
488,biot,0.0653345009,0.1134921645,0.1801883638,0.0088368479,-0.8075221333,0.5897710694,0.9996934303,0.0000506576,5,1
489,biot,0.0967094424,0.1125774030,0.1794697579,0.0079533038,-0.8032408795,0.5956012378,0.9997247792,0.0000507505,5,1
490,biot,0.1273204582,0.1107570141,0.1781999742,0.0079142342,-0.8069554431,0.5905592923,0.9998034553,0.0000508509,5,1
491,biot,0.1614281006,0.1153771456,0.1758649718,0.0049978641,-0.8017669319,0.5976159371,0.9997970298,0.0000507758,6,1
492,biot,0.0040005913,0.1509446983,0.1745606144,0.0067399540,-0.8089266884,0.5878708922,0.9999068272,0.0000506122,6,1
493,biot,0.0349986218,0.1429195781,0.1768856887,0.0066568839,-0.8083546094,0.5886582297,0.9999159107,0.0000508157,5,1
494,biot,0.0657696496,0.1424006775,0.1765861571,0.0034659856,-0.8054629721,0.5926359654,0.9999182178,0.0000508091,5,1
495,biot,0.0977072801,0.1485994886,0.1743733397,0.0021698684,-0.8047796261,0.5935697475,0.9999405003,0.0000506990,6,1
496,biot,0.1284859226,0.1469442677,0.1732179994,0.0088088524,-0.8048719385,0.5933831534,1.0000220435,0.0000508056,6,1
497,biot,0.1586233893,0.1439177156,0.1715675429,0.0016415035,-0.8072111879,0.5902604541,1.0001397767,0.0000508132,6,1
498,biot,0.0061429758,0.1773962799,0.1699329397,0.0037993717,-0.8077428070,0.5895227922,1.0002696105,0.0000507341,6,1
499,biot,0.0363476825,0.1772333917,0.1697066557,0.0056419996,-0.8006051816,0.5991656791,1.0002501527,0.0000507333,6,1
500,biot,0.0666149771,0.1761162702,0.1695223719,-0.0037473836,-0.8058289296,0.5921365496,1.0002844018,0.0000507123,6,1
501,biot,0.0965233430,0.1747729372,0.1692389189,-0.0055317078,-0.8063539487,0.5914073973,1.0003216661,0.0000507438,6,1
502,biot,0.1266230428,0.1729575579,0.1689175942,-0.0053789443,-0.8039226551,0.5947095354,1.0003680979,0.0000508398,6,1
503,biot,0.1561409405,0.1705671929,0.1684164964,-0.0080532191,-0.8049792634,0.5932482880,1.0004402696,0.0000508111,6,1
504,biot,-0.0012887594,0.0187130787,0.1548884803,0.0094493257,-0.8085226878,0.5883891345,0.9993747509,0.0000498023,5,1
505,biot,0.0311155771,0.0175938421,0.1557740307,0.0070626729,-0.8075319059,0.5897816033,0.9993521541,0.0000495650,5,1
506,biot,0.0636459708,0.0168561043,0.1559009317,0.0080134188,-0.8065396149,0.5911257352,0.9993551760,0.0000496165,5,1
507,biot,0.0961125320,0.0163820687,0.1550461463,0.0038780703,-0.8077035543,0.5895760587,0.9993911240,0.0000496892,5,1
508,biot,0.1283746238,0.0157985791,0.1532561634,0.0092860200,-0.8060457765,0.5917803444,0.9994562902,0.0000499864,5,1
509,biot,0.1600513258,0.0153787706,0.1503946289,0.0037540909,-0.8070344610,0.5904924094,0.9995521525,0.0000502971,5,1
510,biot,-0.0004944516,0.0521222230,0.1541129552,0.0049955666,-0.8066505211,0.5910075981,0.9994459884,0.0000500389,5,1
511,biot,0.0317293287,0.0508061490,0.1550208429,0.0091623706,-0.8064021525,0.5912965579,0.9994206972,0.0000498306,5,1
512,biot,0.0643251374,0.0501839678,0.1550577666,0.0037404384,-0.8068252452,0.5907783280,0.9994243369,0.0000498359,5,1
513,biot,0.0965268340,0.0497135325,0.1541214710,0.0046736979,-0.8069062628,0.5906610191,0.9994600115,0.0000499194,5,1
514,biot,0.1286213181,0.0485966353,0.1525361424,0.0104090894,-0.8072607225,0.5901031916,0.9995263228,0.0000501809,5,1
515,biot,0.1601465242,0.0477982427,0.1499019034,0.0070706641,-0.8039661694,0.5946329996,0.9996244407,0.0000504747,5,1
516,biot,0.0008267676,0.0843318292,0.1522309750,0.0073728533,-0.8085330427,0.5884045886,0.9995707585,0.0000502914,5,1
517,biot,0.0326479161,0.0834191649,0.1529133505,0.0055906352,-0.8079262966,0.5892570272,0.9995473754,0.0000502092,5,1
518,biot,0.0647759701,0.0829093894,0.1527730759,0.0034289249,-0.8051117693,0.5931132114,0.9995497202,0.0000502283,5,1
519,biot,0.0966121902,0.0820054012,0.1522962784,0.0063621857,-0.8053826391,0.5927211210,0.9995828808,0.0000502948,5,1
520,biot,0.1283844669,0.0810220660,0.1508254593,0.0084264264,-0.8052356269,0.5928950839,0.9996479655,0.0000504518,5,1
521,biot,0.1596448748,0.0798476487,0.1481169131,0.0068039024,-0.8041967536,0.5943242283,0.9997481444,0.0000506340,5,1
522,biot,0.0023246863,0.1158556206,0.1489826145,0.0036099607,-0.8090273195,0.5877599549,0.9997579317,0.0000505219,5,1
523,biot,0.0337207648,0.1150543705,0.1494238217,0.0046983853,-0.8055130505,0.5925594069,0.9997358924,0.0000505476,5,1
524,biot,0.0650891977,0.1143093896,0.1495691233,0.0038196747,-0.8051791230,0.5930193842,0.9997407211,0.0000504949,5,1
525,biot,0.0964183418,0.1135372010,0.1488581037,0.0039726079,-0.8055403893,0.5925275517,0.9997718653,0.0000505468,5,1
526,biot,0.1276684169,0.1123412678,0.1476283027,0.0064413179,-0.8069546513,0.5905782761,0.9998310108,0.0000506530,5,1
527,biot,0.1586478326,0.1108645409,0.1456628425,0.0132157409,-0.8000675273,0.5997643670,0.9999102431,0.0000508074,5,1
528,biot,0.0041796697,0.1454781085,0.1450357314,0.0023826476,-0.8080010556,0.5891762191,0.9999904233,0.0000506847,5,1
529,biot,0.0347306161,0.1445549863,0.1454959421,0.0037016714,-0.8064246105,0.5913253295,0.9999732460,0.0000506554,5,1
530,biot,0.0654216913,0.1439678325,0.1453520581,0.0011730484,-0.8059791303,0.5919427890,0.9999806715,0.0000506604,5,1
531,biot,0.0960286072,0.1428580244,0.1450555542,-0.0048715189,-0.8058566764,0.5920906057,1.0000094483,0.0000507274,5,1
532,biot,0.1266723990,0.1417809804,0.1442134162,0.0020594984,-0.8055555768,0.5925166421,1.0000598802,0.0000508180,5,1
533,biot,0.1563726969,0.1390722038,0.1429742203,-0.0134861434,-0.8069033041,0.5905295775,1.0001427698,0.0000508719,5,1
534,biot,0.0059317084,0.1729186409,0.1416551069,-0.0025783032,-0.8089134335,0.5879221117,1.0002289411,0.0000507877,5,1
535,biot,0.0357996443,0.1719197354,0.1418982168,0.0046629808,-0.8058406891,0.5921140433,1.0002128526,0.0000507818,5,1
536,biot,0.0656675880,0.1713328428,0.1417447397,0.0004818855,-0.8045756805,0.5938499323,1.0002201164,0.0000508325,5,1
537,biot,0.0953483844,0.1701395711,0.1414491997,-0.0120427032,-0.8064559342,0.5911715483,1.0002489941,0.0000508164,5,1
538,biot,0.1252442841,0.1687975656,0.1411707312,-0.0040229223,-0.8068025876,0.5908074143,1.0002800172,0.0000509350,5,1
539,biot,0.1543901385,0.1705405622,0.1350021502,-0.0019240716,-0.8050723509,0.5931735056,1.0006308176,0.0000507123,6,1
540,biot,-0.0031360053,0.0189718209,0.1256803220,0.0050970984,-0.8095951067,0.5869665942,0.9993566448,0.0000488632,5,1
541,biot,0.0301111610,0.0178787758,0.1272818286,0.0086095384,-0.8122305752,0.5832729795,0.9993025199,0.0000483388,5,1
542,biot,0.0636537700,0.0174271392,0.1274299953,0.0040977501,-0.8090534978,0.5877207213,0.9992949838,0.0000482895,5,1
543,biot,0.0968952723,0.0166555659,0.1261349336,0.0087856730,-0.8096647138,0.5868269448,0.9993501551,0.0000485612,5,1
544,biot,0.1298255462,0.0161060103,0.1233712918,0.0086967437,-0.8088011514,0.5880179115,0.9994635922,0.0000491239,5,1
545,biot,0.1612097729,0.0155496144,0.1194281740,0.0071961396,-0.8075781062,0.5897167268,0.9996123124,0.0000497624,5,1
546,biot,-0.0018685329,0.0530816068,0.1243268273,0.0046491520,-0.8081933887,0.5888988299,0.9994369529,0.0000492110,5,1
547,biot,0.0311508891,0.0525499295,0.1257279206,0.0092367934,-0.8077055993,0.5895136525,0.9993807896,0.0000489101,5,1
548,biot,0.0641982392,0.0521020756,0.1257340564,0.0068284581,-0.8055384431,0.5925041677,0.9993730618,0.0000488946,5,1
549,biot,0.0970318724,0.0510014966,0.1246705948,0.0052512908,-0.8059735845,0.5919282093,0.9994265069,0.0000490563,5,1
550,biot,0.1297216559,0.0496444679,0.1222813280,0.0094678986,-0.8053483325,0.5927262625,0.9995386050,0.0000495318,5,1
551,biot,0.1613729136,0.0483816060,0.1185039809,0.0091610449,-0.8045458453,0.5938198868,0.9996923646,0.0000500415,5,1
552,biot,0.0002165985,0.0859264002,0.1216420265,0.0144830826,-0.8072330344,0.5900551402,0.9995928449,0.0000497787,5,1
553,biot,0.0322388155,0.0851853478,0.1225441546,0.0048249143,-0.8083898299,0.5886277288,0.9995477271,0.0000495183,5,1
554,biot,0.0645710869,0.0846788274,0.1225309617,0.0074681738,-0.8071172795,0.5903439027,0.9995444265,0.0000495287,5,1
555,biot,0.0967912688,0.0834529464,0.1219317200,0.0027642238,-0.8079910829,0.5891882288,0.9995917324,0.0000496162,5,1
556,biot,0.1291471042,0.0819248676,0.1198901221,-0.0014630677,-0.8071464571,0.5903494357,0.9996937021,0.0000498443,5,1
557,biot,0.1604242456,0.0799262368,0.1165544103,0.0000597163,-0.8052956765,0.5928734011,0.9998307135,0.0000502775,5,1
558,biot,0.0022116454,0.1171339821,0.1176701179,0.0146364980,-0.8086926239,0.5880493286,0.9998231532,0.0000501586,5,1
559,biot,0.0333976313,0.1163824485,0.1183983463,0.0052303034,-0.8069338790,0.5906186239,0.9997908816,0.0000500773,5,1
560,biot,0.0647146387,0.1156604103,0.1184822479,-0.0033085529,-0.8077604941,0.5895015163,0.9997973461,0.0000500040,5,1
561,biot,0.0962389110,0.1145700931,0.1182034227,0.0009799747,-0.8063970862,0.5913736375,0.9998283819,0.0000501452,5,1
562,biot,0.1279307683,0.1129843595,0.1167858705,0.0020026753,-0.8051124725,0.5931187873,0.9998983097,0.0000503577,5,1
563,biot,0.1587166980,0.1108086898,0.1141567671,-0.0015232508,-0.8032273626,0.5956706168,1.0000118561,0.0000506445,5,1
564,biot,0.0041927479,0.1457682193,0.1137288694,0.0066049772,-0.8076938767,0.5895650735,1.0000783808,0.0000505170,5,1
565,biot,0.0347921471,0.1452732519,0.1135880902,0.0014961781,-0.8066238392,0.5910632314,1.0000630066,0.0000504208,5,1
566,biot,0.0650524011,0.1446067410,0.1136391353,-0.0010299935,-0.8064527254,0.5912976753,1.0000711230,0.0000504227,5,1
567,biot,0.0953140081,0.1436815350,0.1135191007,0.0013134594,-0.8048216874,0.5935152284,1.0000921944,0.0000505244,5,1
568,biot,0.1258188089,0.1422909916,0.1127911845,0.0013337688,-0.8061037824,0.5917726870,1.0001446276,0.0000506937,5,1
569,biot,0.1558625014,0.1395734866,0.1112750057,-0.0103377041,-0.8059427668,0.5919031918,1.0002295825,0.0000507732,5,1
570,biot,0.0061894556,0.1722467623,0.1101964617,0.0015192938,-0.8061418808,0.5917203392,1.0003047604,0.0000506186,5,1
571,biot,0.0357621939,0.1713235423,0.1099633793,0.0048495972,-0.8060237630,0.5918633076,1.0002975094,0.0000505181,5,1
572,biot,0.0652389156,0.1706385299,0.1098005181,0.0023853712,-0.8037056486,0.5950223025,1.0003012067,0.0000506185,5,1
573,biot,0.0945652696,0.1695108536,0.1097991377,-0.0029788376,-0.8047549698,0.5935996674,1.0003199735,0.0000506653,5,1
574,biot,0.1239482808,0.1681421990,0.1095605091,-0.0073234772,-0.8073295222,0.5900554290,1.0003574657,0.0000507021,5,1
575,biot,0.1532544680,0.1664768913,0.1091423427,-0.0017257333,-0.8064589251,0.5912875983,1.0004061981,0.0000508925,5,1
576,biot,-0.0065519655,0.0202837774,0.0959781417,0.0071235755,-0.8076727954,0.5895879156,0.9992288152,0.0000471390,5,1
577,biot,0.0288208655,0.0200853798,0.0987766869,0.0094304671,-0.8126564209,0.5826668069,0.9990190038,0.0000463113,5,1
578,biot,0.0638613657,0.0207423951,0.0987955753,0.0059289912,-0.8072461213,0.5901851801,0.9989692161,0.0000462942,5,1
579,biot,0.0987433749,0.0195829704,0.0965776404,0.0075788955,-0.8090362598,0.5877098695,0.9991115952,0.0000467583,5,1
580,biot,0.1327114306,0.0179052507,0.0920851728,0.0056387147,-0.8062235125,0.5915841890,0.9994036378,0.0000476727,5,1
581,biot,0.1634481263,0.0162272501,0.0861357974,0.0006040936,-0.8037422853,0.5949772886,0.9997150047,0.0000487339,5,1
582,biot,-0.0044842473,0.0550706036,0.0943474720,-0.0143721323,-0.8125754393,0.5826788115,0.9993404538,0.0000481460,5,1
583,biot,0.0313485178,0.0569814546,0.0942438453,0.0130443208,-0.8083792720,0.5885174579,0.9990862284,0.0000475837,5,1
584,biot,0.0646560872,0.0565033865,0.0936050063,-0.0000093851,-0.8106118905,0.5855837795,0.9990393827,0.0000475644,5,1
585,biot,0.0979659139,0.0546072404,0.0928151825,0.0056481414,-0.8068932011,0.5906703484,0.9991547840,0.0000479420,5,1
586,biot,0.1317124871,0.0515837821,0.0901686818,0.0021945111,-0.8066008021,0.5910924887,0.9994767187,0.0000483852,5,1
587,biot,0.1629565628,0.0487833815,0.0849301646,-0.0005255443,-0.8056892024,0.5923382758,0.9998008321,0.0000490526,5,1
588,biot,-0.0012665271,0.0883695212,0.0901672461,0.0101320123,-0.8094663476,0.5870788486,0.9995499524,0.0000489687,5,1
589,biot,0.0328738636,0.0884108757,0.0903319990,0.0131331156,-0.8063111272,0.5913458272,0.9993643550,0.0000487365,5,1
590,biot,0.0643394093,0.0873378648,0.0898084280,0.0068210039,-0.8088787375,0.5879359335,0.9993203797,0.0000487185,5,1
591,biot,0.0966018057,0.0861475564,0.0901364068,0.0043048371,-0.8034283863,0.5953858383,0.9994274266,0.0000488888,5,1
592,biot,0.1306354522,0.0830026145,0.0881213702,0.0057982529,-0.8056550994,0.5923565151,0.9996945277,0.0000491155,5,1
593,biot,0.1615132539,0.0794339715,0.0834925035,-0.0165739129,-0.8057895929,0.5919699632,0.9999604246,0.0000494269,5,1
594,biot,0.0014925350,0.1188158841,0.0871123630,0.0054354727,-0.8076395323,0.5896514576,0.9998849127,0.0000496623,5,1
595,biot,0.0334336913,0.1182692218,0.0873527416,0.0026676444,-0.8066140193,0.5910725062,0.9998346548,0.0000493164,5,1
596,biot,0.0640658367,0.1176044434,0.0867074532,0.0041631557,-0.8088517868,0.5879978360,0.9998455959,0.0000492138,5,1
597,biot,0.0955623568,0.1165495555,0.0871182459,0.0012435878,-0.8049889230,0.5932885364,0.9999011368,0.0000493776,5,1
598,biot,0.1287082549,0.1140811968,0.0857325702,-0.0006336991,-0.8063043889,0.5915004910,1.0000156675,0.0000496020,5,1
599,biot,0.1597096414,0.1104387879,0.0823445881,-0.0091704355,-0.8058330930,0.5920717266,1.0001542438,0.0000501124,5,1
600,biot,0.0047868778,0.1472634260,0.0821954267,0.0027839783,-0.8059639897,0.5919580195,1.0001955016,0.0000499366,5,1
601,biot,0.0350581958,0.1466762574,0.0818628897,0.0052383749,-0.8068984707,0.5906669259,1.0002016791,0.0000495594,5,1
602,biot,0.0645362520,0.1460399693,0.0815557813,0.0038245568,-0.8086918146,0.5882201304,1.0002282930,0.0000494327,5,1
603,biot,0.0944267754,0.1453295910,0.0816374477,0.0014238948,-0.8061766659,0.5916731834,1.0002559981,0.0000497631,5,1
604,biot,0.1252049663,0.1435734219,0.0816033477,-0.0022274581,-0.8037543579,0.5949571166,1.0002912455,0.0000502669,5,1
605,biot,0.1558881215,0.1405669704,0.0802759455,0.0003748851,-0.8039461296,0.5947020096,1.0003556075,0.0000506740,5,1
606,biot,0.0073345735,0.1714537050,0.0779854737,0.0080244058,-0.8074230702,0.5899182949,1.0004169666,0.0000497931,5,1
607,biot,0.0362470820,0.1706984574,0.0775511254,0.0024506313,-0.8070239332,0.5905136457,1.0004229966,0.0000495962,5,1
608,biot,0.0647798369,0.1700100185,0.0771304197,0.0033349243,-0.8063513520,0.5914274050,1.0004353300,0.0000495808,5,1
609,biot,0.0934233581,0.1692381144,0.0772649548,0.0027937501,-0.8058500198,0.5921131146,1.0004452741,0.0000499100,5,1
610,biot,0.1221661911,0.1682374151,0.0779154636,-0.0025089560,-0.8048737440,0.5934407817,1.0004574645,0.0000502631,5,1
611,biot,0.1512993771,0.1661418154,0.0783826883,-0.0012087537,-0.8062978354,0.5915085287,1.0004911208,0.0000506650,5,1
612,biot,-0.0031924565,0.0237687693,0.0571933439,0.0151829399,-0.8393554649,0.5433708511,0.9301426148,0.0000464633,15,1
613,biot,0.0315095744,0.0238900256,0.0567875737,-0.0158918715,-0.8228547824,0.5680294495,0.9132374005,0.0000460065,15,1
614,biot,0.0626576658,0.0237691695,0.0561105985,-0.0042695827,-0.8110978361,0.5848949230,0.9102925422,0.0000452369,15,1
615,biot,0.0936224108,0.0228494668,0.0557032877,0.0034874638,-0.7810814300,0.6244194402,0.9203424026,0.0000464400,15,1
616,biot,0.1257183241,0.0205358449,0.0560522796,-0.0025019254,-0.7835663644,0.6213030605,0.9705947531,0.0000483026,15,1
617,biot,0.1623737803,0.0195031129,0.0512558581,0.0151475231,-0.7981011887,0.6023330018,0.9994877248,0.0000480909,13,1
618,biot,-0.0005283587,0.0539802264,0.0564791339,-0.0332092362,-0.8464959200,0.5313584516,0.9534828713,0.0000477551,15,1
619,biot,0.0337109898,0.0532558498,0.0550692682,-0.0397908254,-0.8247477401,0.5640991539,0.9311350028,0.0000470971,15,1
620,biot,0.0627219851,0.0526371536,0.0537244121,-0.0376292328,-0.7998539724,0.5990139094,0.9274491096,0.0000469171,15,1
621,biot,0.0919404743,0.0515270492,0.0551254998,-0.0200114068,-0.7922730184,0.6098385096,0.9762137253,0.0000484445,15,1
622,biot,0.1252399243,0.0509818975,0.0562852199,-0.0083462726,-0.7984653524,0.6019829074,0.9934144076,0.0000492736,15,1
623,biot,0.1610357992,0.0503642153,0.0517202772,0.0034668132,-0.8004321313,0.5994133669,1.0009603969,0.0000486608,15,1
624,biot,-0.0003688286,0.0858948150,0.0576150066,0.0056107615,-0.8113416987,0.5845452654,0.9990843921,0.0000494895,12,1
625,biot,0.0323953402,0.0835938695,0.0563117590,-0.0279820302,-0.8108918621,0.5845266409,0.9900954970,0.0000492670,15,1
626,biot,0.0615922972,0.0818148939,0.0554116183,-0.0305149291,-0.8047114057,0.5928814322,0.9881825854,0.0000493116,15,1
627,biot,0.0917434103,0.0808087257,0.0562145147,-0.0014527953,-0.8058735706,0.5920858701,0.9987442953,0.0000496486,6,1
628,biot,0.1257401366,0.0806446846,0.0561001819,-0.0033571128,-0.8024113908,0.5967618367,0.9995664056,0.0000492856,12,1
629,biot,0.1599667330,0.0803917706,0.0520071205,0.0007418002,-0.7881249937,0.6155147797,1.0065166354,0.0000491495,15,1
630,biot,0.0025808851,0.1176427786,0.0573345231,0.0019628207,-0.8046723180,0.5937159321,1.0004277095,0.0000501280,11,1
631,biot,0.0329423572,0.1149306529,0.0563903799,0.0005558350,-0.8091937392,0.5875416441,1.0004176438,0.0000496510,11,1
632,biot,0.0622646444,0.1136630263,0.0560840062,0.0002780802,-0.8046122714,0.5938004845,1.0005201139,0.0000497215,15,1
633,biot,0.0927489485,0.1123947113,0.0566708889,-0.0002409123,-0.8061902610,0.5916563235,1.0011337305,0.0000496766,15,1
634,biot,0.1250274089,0.1112886942,0.0555054213,-0.0037857258,-0.8017583933,0.5976363000,1.0016380534,0.0000495984,15,1
635,biot,0.1578537235,0.1104435036,0.0534971245,-0.0017630034,-0.8001749106,0.5997641239,1.0043034456,0.0000506974,6,1
636,biot,0.0089067285,0.1467113930,0.0555818972,-0.0419215341,-0.8247351749,0.5639631870,1.0646173079,0.0000495235,15,1
637,biot,0.0360435734,0.1449313614,0.0543698132,-0.0444394249,-0.8133746655,0.5800403357,1.0670781963,0.0000490788,15,1
638,biot,0.0634094052,0.1441946092,0.0543638927,-0.0464144803,-0.7988876990,0.5996867019,1.0705024131,0.0000494667,15,1
639,biot,0.0930958109,0.1428805827,0.0550198950,-0.0432281985,-0.7900938080,0.6114598085,1.0681017653,0.0000501219,15,0
640,biot,0.1227879759,0.1425777923,0.0538364856,-0.0200537567,-0.7857661324,0.6181985377,1.0166781752,0.0000508392,15,0
641,biot,0.1537297705,0.1412587987,0.0540487000,-0.0001403745,-0.7977243622,0.6030222403,1.0044202382,0.0000518531,6,1
642,biot,0.0125148142,0.1710810971,0.0498018048,0.0095942922,-0.8076709461,0.5895554193,1.0009616618,0.0000488568,5,1
643,biot,0.0409277520,0.1707353622,0.0488238265,-0.0067259296,-0.8100804801,0.5862801188,1.0869775887,0.0000481261,15,1
644,biot,0.0641970280,0.1706002031,0.0482058465,0.0002446178,-0.7983554750,0.6021864127,1.0849310517,0.0000485223,15,1
645,biot,0.0906627896,0.1701682227,0.0486652288,0.0018739941,-0.7988754684,0.6014935362,1.0861468058,0.0000489850,15,1
646,biot,0.1147356602,0.1701757596,0.0496345893,0.0032586947,-0.7900181617,0.6130747793,1.0824847952,0.0000493792,15,1
647,biot,0.1456362405,0.1689482895,0.0526091587,0.0028786451,-0.8048735148,0.5934394143,1.0009204471,0.0000507622,5,1
